CSD,,,,
S.NO.,PERMANENT ROLL NO.,NAME OF THE STUDENT,,Email ID
1,A24126551001,ADAPAHARSHAVARDHANSAIKUMAR,adapaharshavardhansaikumar,adapaharshavardhansaikumar.24.csd@anits.edu.in
2,A24126551002,AMJURISAICHATURYA,amjurisaichaturya,amjurisaichaturya.24.csd@anits.edu.in
3,A24126551003,ASMAAMREEN,asmaamreen,asmaamreen.24.csd@anits.edu.in
4,A24126551004,BADDILICHARANKRISHNATEJA,baddilicharankrishnateja,baddilicharankrishnateja.24.csd@anits.edu.in
5,A24126551005,BANAVATHUNANDAGOPINAIK,banavathunandagopinaik,banavathunandagopinaik.24.csd@anits.edu.in
6,A24126551006,BANDINAGENDRA,bandinagendra,bandinagendra.24.csd@anits.edu.in
7,A24126551007,BEHARAASHISH,beharaashish,beharaashish.24.csd@anits.edu.in
8,A24126551008,BEVARAJAHNAVI,bevarajahnavi,bevarajahnavi.24.csd@anits.edu.in
9,A24126551009,BONIYASHWANTHI,boniyashwanthi,boniyashwanthi.24.csd@anits.edu.in
10,A24126551010,CHALLAPALLIVENKATAVARDHAN,challapallivenkatavardhan,challapallivenkatavardhan.24.csd@anits.edu.in
11,A24126551011,DADIANISHARUPA,dadianisharupa,dadianisharupa.24.csd@anits.edu.in
12,A24126551012,DARANIRGAM,daranirgam,daranirgam.24.csd@anits.edu.in
13,A24126551013,DARMANASHALEMRAJ,darmanashalemraj,darmanashalemraj.24.csd@anits.edu.in
14,A24126551014,DEVARASRICHARAN,devarasricharan,devarasricharan.24.csd@anits.edu.in
15,A24126551015,ENNETIVENKATADURGAARJUN,ennetivenkatadurgaarjun,ennetivenkatadurgaarjun.24.csd@anits.edu.in
16,A24126551016,GADIPILLISRAVANTHI,gadipillisravanthi,gadipillisravanthi.24.csd@anits.edu.in
17,A24126551017,GANTAHARSHAVARDHAN,gantaharshavardhan,gantaharshavardhan.24.csd@anits.edu.in
18,A24126551018,GODDUVAMSI,godduvamsi,godduvamsi.24.csd@anits.edu.in
19,A24126551019,GONDYALAMRUNAL,gondyalamrunal,gondyalamrunal.24.csd@anits.edu.in
20,A24126551020,GURRALAANANYA,gurralaananya,gurralaananya.24.csd@anits.edu.in
21,A24126551021,HARSHITHASIVAKOTI,harshithasivakoti,harshithasivakoti.24.csd@anits.edu.in
22,A24126551022,JANKALACHAITANYA,jankalachaitanya,jankalachaitanya.24.csd@anits.edu.in
23,A24126551023,KAGANASAMEERA,kaganasameera,kaganasameera.24.csd@anits.edu.in
24,A24126551024,KAIPUTEJAREDDY,kaiputejareddy,kaiputejareddy.24.csd@anits.edu.in
25,A24126551025,KAKARATRIVIKRAM,kakaratrivikram,kakaratrivikram.24.csd@anits.edu.in
26,A24126551026,KASINAEEKSHITA,kasinaeekshita,kasinaeekshita.24.csd@anits.edu.in
27,A24126551027,KORADACHETHANKUMAR,koradachethankumar,koradachethankumar.24.csd@anits.edu.in
28,A24126551028,KURMANASOWMIKA,kurmanasowmika,kurmanasowmika.24.csd@anits.edu.in
29,A24126551029,MADDIRALAMADHULATHA,maddiralamadhulatha,maddiralamadhulatha.24.csd@anits.edu.in
30,A24126551030,MARICHETTICHANDUPRASANNAKUMAR,marichettichanduprasannakumar,marichettichanduprasannakumar.24.csd@anits.edu.in
31,A24126551031,MIDDENIHARIKA,middeniharika,middeniharika.24.csd@anits.edu.in
32,A24126551032,NAMMIMANASA,nammimanasa,nammimanasa.24.csd@anits.edu.in
33,A24126551033,NEELAPUBHAVYA,neelapubhavya,neelapubhavya.24.csd@anits.edu.in
34,A24126551034,NETHINTIKUMARMANIKANTA,nethintikumarmanikanta,nethintikumarmanikanta.24.csd@anits.edu.in
35,A24126551035,NOLLIHEMSAI,nollihemsai,nollihemsai.24.csd@anits.edu.in
36,A24126551036,PEMARAVINAYKUMAR,pemaravinaykumar,pemaravinaykumar.24.csd@anits.edu.in
37,A24126551037,PODUGUYASASVI,poduguyasasvi,poduguyasasvi.24.csd@anits.edu.in
38,A24126551038,POTNURUSREEPRATHEEK,potnurusreepratheek,potnurusreepratheek.24.csd@anits.edu.in
39,A24126551039,PULIMEGHANA,pulimeghana,pulimeghana.24.csd@anits.edu.in
40,A24126551040,RAYUDUTANVEESAI,rayudutanveesai,rayudutanveesai.24.csd@anits.edu.in
41,A24126551041,REDDIGANGAPRITHI,reddigangaprithi,reddigangaprithi.24.csd@anits.edu.in
42,A24126551042,REDDYPRAVEEN,reddypraveen,reddypraveen.24.csd@anits.edu.in
43,A24126551043,RYALISIVAVENKATASATYAGANESHTEJA,ryalisivavenkatasatyaganeshteja,ryalisivavenkatasatyaganeshteja.24.csd@anits.edu.in
44,A24126551044,SAMUDRALAGNANESWAR,samudralagnaneswar,samudralagnaneswar.24.csd@anits.edu.in
45,A24126551045,SANGAMREDDIESWARARAO,sangamreddieswararao,sangamreddieswararao.24.csd@anits.edu.in
46,A24126551046,SASAPURESHMA,sasapureshma,sasapureshma.24.csd@anits.edu.in
47,A24126551047,SEERASAIMUKESH,seerasaimukesh,seerasaimukesh.24.csd@anits.edu.in
48,A24126551048,SIRUGUDIHASINI,sirugudihasini,sirugudihasini.24.csd@anits.edu.in
49,A24126551049,SUVVARINAVYASRI,suvvarinavyasri,suvvarinavyasri.24.csd@anits.edu.in
50,A24126551050,USTHELABRAMHAJI,usthelabramhaji,usthelabramhaji.24.csd@anits.edu.in
51,A24126551051,VAKACHARLAMUKESH,vakacharlamukesh,vakacharlamukesh.24.csd@anits.edu.in
52,A24126551052,VEDURUPARTHIGUNAPAVAN,veduruparthigunapavan,veduruparthigunapavan.24.csd@anits.edu.in
53,A24126551053,YERRABHAVANA,yerrabhavana,yerrabhavana.24.csd@anits.edu.in
1,A24126551054,ABBINENIJAGADEESWARAVARAPRASAD,abbinenijagadeeswaravaraprasad,abbinenijagadeeswaravaraprasad.24.csd@anits.edu.in
2,A24126551055,ALAMANDANITYASRISAIKALYANI,alamandanityasrisaikalyani,alamandanityasrisaikalyani.24.csd@anits.edu.in
3,A24126551056,ANEMSAHITHI,anemsahithi,anemsahithi.24.csd@anits.edu.in
4,A24126551057,ANIPEANNIEJANEROCKFELLER,anipeanniejanerockfeller,anipeanniejanerockfeller.24.csd@anits.edu.in
5,A24126551058,BAKKUPURNIMA,bakkupurnima,bakkupurnima.24.csd@anits.edu.in
6,A24126551059,BARATAMJASWANTH,baratamjaswanth,baratamjaswanth.24.csd@anits.edu.in
7,A24126551060,BHOGAPURAPUGOWTHAMI,bhogapurapugowthami,bhogapurapugowthami.24.csd@anits.edu.in
8,A24126551061,BHOGILIKITHA,bhogilikitha,bhogilikitha.24.csd@anits.edu.in
9,A24126551062,BUDDHASURYAPRAKASH,buddhasuryaprakash,buddhasuryaprakash.24.csd@anits.edu.in
10,A24126551063,CHILUKOTINIHARIKA,chilukotiniharika,chilukotiniharika.24.csd@anits.edu.in
11,A24126551064,CHILUKULAPALLISAIMOHANKRISHNA,chilukulapallisaimohankrishna,chilukulapallisaimohankrishna.24.csd@anits.edu.in
12,A24126551065,CHITTURIDURGAPRASAD,chitturidurgaprasad,chitturidurgaprasad.24.csd@anits.edu.in
13,A24126551066,DASARIBASKARASAI,dasaribaskarasai,dasaribaskarasai.24.csd@anits.edu.in
14,A24126551067,DEVARAPALLILALITHVENKAT,devarapallilalithvenkat,devarapallilalithvenkat.24.csd@anits.edu.in
15,A24126551068,DEVAVARAPUCHARVI,devavarapucharvi,devavarapucharvi.24.csd@anits.edu.in
16,A24126551069,GADIPARTHIMANASWINI,gadiparthimanaswini,gadiparthimanaswini.24.csd@anits.edu.in
17,A24126551070,GLOTHISATHVIK,glothisathvik,glothisathvik.24.csd@anits.edu.in
18,A24126551071,GOPISETTIDEEPTHI,gopisettideepthi,gopisettideepthi.24.csd@anits.edu.in
19,A24126551072,GULIVINDALAJONATHANTIRASPRAHARSH,gulivindalajonathantiraspraharsh,gulivindalajonathantiraspraharsh.24.csd@anits.edu.in
20,A24126551073,JAMIYUKTASRI,jamiyuktasri,jamiyuktasri.24.csd@anits.edu.in
21,A24126551074,KALAVASETTIJYOTHISWARARAO,kalavasettijyothiswararao,kalavasettijyothiswararao.24.csd@anits.edu.in
22,A24126551075,KANCHUMURTHYSRUJANA,kanchumurthysrujana,kanchumurthysrujana.24.csd@anits.edu.in
23,A24126551076,KOLLIKASIBHUSHANKUMAR,kollikasibhushankumar,kollikasibhushankumar.24.csd@anits.edu.in
24,A24126551077,KOLUKULANAGASAIPARNIKA,kolukulanagasaiparnika,kolukulanagasaiparnika.24.csd@anits.edu.in
25,A24126551078,KONETISRISAILAKSHMIJAYANI,konetisrisailakshmijayani,konetisrisailakshmijayani.24.csd@anits.edu.in
26,A24126551079,LIMMALASAGAR,limmalasagar,limmalasagar.24.csd@anits.edu.in
27,A24126551080,MAMIDIJAYAVARDHANSAI,mamidijayavardhansai,mamidijayavardhansai.24.csd@anits.edu.in
28,A24126551081,MANTHRIJASWANTH,manthrijaswanth,manthrijaswanth.24.csd@anits.edu.in
29,A24126551082,NADUPURIARAVINDSRIVATSAVA,nadupuriaravindsrivatsava,nadupuriaravindsrivatsava.24.csd@anits.edu.in
30,A24126551083,NANDAMUDIJYOTHSNA,nandamudijyothsna,nandamudijyothsna.24.csd@anits.edu.in
31,A24126551084,PAMARTHISURYABHARGAV,pamarthisuryabhargav,pamarthisuryabhargav.24.csd@anits.edu.in
32,A24126551085,PAMBAVYSHNAVI,pambavyshnavi,pambavyshnavi.24.csd@anits.edu.in
33,A24126551086,PANGASAIRAM,pangasairam,pangasairam.24.csd@anits.edu.in
34,A24126551087,PANUKUMOUNIKA,panukumounika,panukumounika.24.csd@anits.edu.in
35,A24126551088,PAPPALAGANESH,pappalaganesh,pappalaganesh.24.csd@anits.edu.in
36,A24126551089,PATANALAHARINI,patanalaharini,patanalaharini.24.csd@anits.edu.in
37,A24126551090,PATNANAMAHESH,patnanamahesh,patnanamahesh.24.csd@anits.edu.in
38,A24126551091,PEDIREDLAVARSHITH,pediredlavarshith,pediredlavarshith.24.csd@anits.edu.in
39,A24126551092,PINNINTIHARISHYADAV,pinnintiharishyadav,pinnintiharishyadav.24.csd@anits.edu.in
40,A24126551093,POLIPARTHIRAMAKRISHNA,poliparthiramakrishna,poliparthiramakrishna.24.csd@anits.edu.in
41,A24126551094,SADHUADITYA,sadhuaditya,sadhuaditya.24.csd@anits.edu.in
42,A24126551095,SANAPATHIROHITHA,sanapathirohitha,sanapathirohitha.24.csd@anits.edu.in
43,A24126551096,SARIKIRISHITHA,sarikirishitha,sarikirishitha.24.csd@anits.edu.in
44,A24126551097,SHAIKFIROZ,shaikfiroz,shaikfiroz.24.csd@anits.edu.in
45,A24126551098,SUGGUNITHIN,suggunithin,suggunithin.24.csd@anits.edu.in
46,A24126551099,TENTUSATISH,tentusatish,tentusatish.24.csd@anits.edu.in
47,A24126551100,THAPPITAJAGADEESH,thappitajagadeesh,thappitajagadeesh.24.csd@anits.edu.in
48,A24126551101,VANIPENTABALAGURAVAREDDY,vanipentabalaguravareddy,vanipentabalaguravareddy.24.csd@anits.edu.in
49,A24126551102,VARRISAIPRAVALLIKA,varrisaipravallika,varrisaipravallika.24.csd@anits.edu.in
50,A24126551103,VAYALAPALLIMANEESHA,vayalapallimaneesha,vayalapallimaneesha.24.csd@anits.edu.in
1,A24126551104,AKULAROHITH,akularohith,akularohith.24.csd@anits.edu.in
2,A24126551105,ALUGUBILLISAHITHI,alugubillisahithi,alugubillisahithi.24.csd@anits.edu.in
3,A24126551106,APPARIBALAPHANIDHANUSH,apparibalaphanidhanush,apparibalaphanidhanush.24.csd@anits.edu.in
4,A24126551107,AVALAKRISHNAMNAIDU,avalakrishnamnaidu,avalakrishnamnaidu.24.csd@anits.edu.in
5,A24126551108,BANDIBHARATH,bandibharath,bandibharath.24.csd@anits.edu.in
6,A24126551109,BOGAPURIAVANINIRMALA,bogapuriavaninirmala,bogapuriavaninirmala.24.csd@anits.edu.in
7,A24126551110,CHAPAASMITHA,chapaasmitha,chapaasmitha.24.csd@anits.edu.in
8,A24126551111,CHINNISAIKRUTHI,chinnisaikruthi,chinnisaikruthi.24.csd@anits.edu.in
9,A24126551112,CHODELAKSHMISRICHANDRAMANIKANTA,chodelakshmisrichandramanikanta,chodelakshmisrichandramanikanta.24.csd@anits.edu.in
10,A24126551113,CHODIDURGAPRASAD,chodidurgaprasad,chodidurgaprasad.24.csd@anits.edu.in
11,A24126551114,DARAKARTHIKCHAITANYA,darakarthikchaitanya,darakarthikchaitanya.24.csd@anits.edu.in
12,A24126551115,DARIMIREDDYCHAITANYA,darimireddychaitanya,darimireddychaitanya.24.csd@anits.edu.in
13,A24126551116,DEEPAKKUMARJENA,deepakkumarjena,deepakkumarjena.24.csd@anits.edu.in
14,A24126551117,DOKKASAMANWAISAI,dokkasamanwaisai,dokkasamanwaisai.24.csd@anits.edu.in
15,A24126551118,EDUPUGANTIBHANUSREE,edupugantibhanusree,edupugantibhanusree.24.csd@anits.edu.in
16,A24126551119,EKULAKRISHNAMRAJU,ekulakrishnamraju,ekulakrishnamraju.24.csd@anits.edu.in
17,A24126551120,ENCHANGIHARSHAVARDHAN,enchangiharshavardhan,enchangiharshavardhan.24.csd@anits.edu.in
18,A24126551121,GORLEBALAKRISHNA,gorlebalakrishna,gorlebalakrishna.24.csd@anits.edu.in
19,A24126551122,GUDETHARUN,gudetharun,gudetharun.24.csd@anits.edu.in
20,A24126551123,GUDLASRIRAMAKRISHNAKARTHIKEYA,gudlasriramakrishnakarthikeya,gudlasriramakrishnakarthikeya.24.csd@anits.edu.in
21,A24126551124,KMUKESH,kmukesh,kmukesh.24.csd@anits.edu.in
22,A24126551125,KALYANAPUVARUN,kalyanapuvarun,kalyanapuvarun.24.csd@anits.edu.in
23,A24126551126,KARUKULAVANYA,karukulavanya,karukulavanya.24.csd@anits.edu.in
24,A24126551127,KONNISOHANBABU,konnisohanbabu,konnisohanbabu.24.csd@anits.edu.in
25,A24126551128,KORIVICHANDAN,korivichandan,korivichandan.24.csd@anits.edu.in
26,A24126551129,KOTTANARENUKA,kottanarenuka,kottanarenuka.24.csd@anits.edu.in
27,A24126551130,MAHADASAABHIRAM,mahadasaabhiram,mahadasaabhiram.24.csd@anits.edu.in
28,A24126551131,MALIPEDDIRAKESH,malipeddirakesh,malipeddirakesh.24.csd@anits.edu.in
29,A24126551132,MALLURIHARSHITHASATYASAIKOMAL,malluriharshithasatyasaikomal,malluriharshithasatyasaikomal.24.csd@anits.edu.in
30,A24126551133,MARAPATLASUSHANTHRAJU,marapatlasushanthraju,marapatlasushanthraju.24.csd@anits.edu.in
31,A24126551134,MEDAPATISIDDHARTHAREDDY,medapatisiddharthareddy,medapatisiddharthareddy.24.csd@anits.edu.in
32,A24126551135,MUKKALIMOHITH,mukkalimohith,mukkalimohith.24.csd@anits.edu.in
33,A24126551136,MUPPIDIBHUVANA,muppidibhuvana,muppidibhuvana.24.csd@anits.edu.in
34,A24126551137,NAMBURIROHANSIVALAKSHMIPATHIRAJU,namburirohansivalakshmipathiraju,namburirohansivalakshmipathiraju.24.csd@anits.edu.in
35,A24126551138,NANDIKOLASOWMITHARAJU,nandikolasowmitharaju,nandikolasowmitharaju.24.csd@anits.edu.in
36,A24126551139,NUKATHOTIBHANUPRAKASH,nukathotibhanuprakash,nukathotibhanuprakash.24.csd@anits.edu.in
37,A24126551140,NUNNAGOPULAPUNYASIDDARDHA,nunnagopulapunyasiddardha,nunnagopulapunyasiddardha.24.csd@anits.edu.in
38,A24126551141,PADDAKANCHANA,paddakanchana,paddakanchana.24.csd@anits.edu.in
39,A24126551142,PATNALASAITHARUNKISHORE,patnalasaitharunkishore,patnalasaitharunkishore.24.csd@anits.edu.in
40,A24126551143,PATNANASUHARITHA,patnanasuharitha,patnanasuharitha.24.csd@anits.edu.in
41,A24126551144,PEDADABALAJI,pedadabalaji,pedadabalaji.24.csd@anits.edu.in
42,A24126551145,PENKIRAJAVARSHINI,penkirajavarshini,penkirajavarshini.24.csd@anits.edu.in
43,A24126551146,PERLIMAHITHAVARSHASREE,perlimahithavarshasree,perlimahithavarshasree.24.csd@anits.edu.in
44,A24126551147,PONNAMSACHIN,ponnamsachin,ponnamsachin.24.csd@anits.edu.in
45,A24126551148,POTHULAASHOK,pothulaashok,pothulaashok.24.csd@anits.edu.in
46,A24126551149,REDDISHANMUKHARAO,reddishanmukharao,reddishanmukharao.24.csd@anits.edu.in
47,A24126551150,SADARAMRAHUL,sadaramrahul,sadaramrahul.24.csd@anits.edu.in
48,A24126551151,SARIKARENUKA,sarikarenuka,sarikarenuka.24.csd@anits.edu.in
49,A24126551152,SHAIKRIYAZ,shaikriyaz,shaikriyaz.24.csd@anits.edu.in
50,A24126551153,SHAIKSUMAIYASULTANA,shaiksumaiyasultana,shaiksumaiyasultana.24.csd@anits.edu.in
51,A24126551154,SIRIMISETTYKARUNYA,sirimisettykarunya,sirimisettykarunya.24.csd@anits.edu.in
52,A24126551155,SUNNAMDIVYAAKASH,sunnamdivyaakash,sunnamdivyaakash.24.csd@anits.edu.in
53,A24126551156,SURAPUVASANTHAKUMAR,surapuvasanthakumar,surapuvasanthakumar.24.csd@anits.edu.in
54,A24126551157,SUVVARIJYOTSANA,suvvarijyotsana,suvvarijyotsana.24.csd@anits.edu.in
55,A24126551158,URJANAANJALI,urjanaanjali,urjanaanjali.24.csd@anits.edu.in
56,A24126551159,VADISALASRUJANA,vadisalasrujana,vadisalasrujana.24.csd@anits.edu.in
57,A24126551160,YENNIAKASH,yenniakash,yenniakash.24.csd@anits.edu.in