CSE,,,,
S.NO.,PERMANENT ROLL NO.,NAME OF THE STUDENT,,Email ID
1,A24126510001,ADIREDDILALITYACHARISHMA,adireddilalityacharishma,adireddilalityacharishma.24.cse@anits.edu.in
2,A24126510002,AKKALASIRICHANDANA,akkalasirichandana,akkalasirichandana.24.cse@anits.edu.in
3,A24126510003,AMBATIPURNABRAHMESWARAREDDY,ambatipurnabrahmeswarareddy,ambatipurnabrahmeswarareddy.24.cse@anits.edu.in
4,A24126510004,APPIKONDAROOPAVARDHAN,appikondaroopavardhan,appikondaroopavardhan.24.cse@anits.edu.in
5,A24126510005,BHEESETTYSIDDUKRISHNA,bheesettysiddukrishna,bheesettysiddukrishna.24.cse@anits.edu.in
6,A24126510006,BORASAIKIRAN,borasaikiran,borasaikiran.24.cse@anits.edu.in
7,A24126510007,BOTSASRIHARSHITHA,botsasriharshitha,botsasriharshitha.24.cse@anits.edu.in
8,A24126510008,BURITANUJA,buritanuja,buritanuja.24.cse@anits.edu.in
9,A24126510009,CHANDANAPALLIESWARAVINASH,chandanapallieswaravinash,chandanapallieswaravinash.24.cse@anits.edu.in
10,A24126510010,CHARMILAKONADA,charmilakonada,charmilakonada.24.cse@anits.edu.in
11,A24126510011,CHUKKAKUSUMA,chukkakusuma,chukkakusuma.24.cse@anits.edu.in
12,A24126510012,CHUKKASHYAMKUMAR,chukkashyamkumar,chukkashyamkumar.24.cse@anits.edu.in
13,A24126510013,DARABOBBY,darabobby,darabobby.24.cse@anits.edu.in
14,A24126510014,DASARILAKSHMIRAMACHANDRAPRASAD,dasarilakshmiramachandraprasad,dasarilakshmiramachandraprasad.24.cse@anits.edu.in
15,A24126510015,DUNDUTEJASWINI,dundutejaswini,dundutejaswini.24.cse@anits.edu.in
16,A24126510016,GUDLASAIMANIKANTA,gudlasaimanikanta,gudlasaimanikanta.24.cse@anits.edu.in
17,A24126510017,GULLIPALLILAKSHMINARAYANAKARTHIKEYAN,gullipallilakshminarayanakarthikeyan,gullipallilakshminarayanakarthikeyan.24.cse@anits.edu.in
18,A24126510018,GUMMALASRUTHI,gummalasruthi,gummalasruthi.24.cse@anits.edu.in
19,A24126510019,JAJAMSHANMUKHESWAR,jajamshanmukheswar,jajamshanmukheswar.24.cse@anits.edu.in
20,A24126510020,JOGIESTHERKOMALI,jogiestherkomali,jogiestherkomali.24.cse@anits.edu.in
21,A24126510021,KAKARAVISHNUVARDHAN,kakaravishnuvardhan,kakaravishnuvardhan.24.cse@anits.edu.in
22,A24126510022,KALISETTISUJITHVARMA,kalisettisujithvarma,kalisettisujithvarma.24.cse@anits.edu.in
23,A24126510023,KAMBAMANUSHA,kambamanusha,kambamanusha.24.cse@anits.edu.in
24,A24126510024,KARIMAJJIGNANAVARDHAN,karimajjignanavardhan,karimajjignanavardhan.24.cse@anits.edu.in
25,A24126510025,KARRILAXMINAIDU,karrilaxminaidu,karrilaxminaidu.24.cse@anits.edu.in
26,A24126510026,KASAJHANSI,kasajhansi,kasajhansi.24.cse@anits.edu.in
27,A24126510027,KAVYASRIKODISA,kavyasrikodisa,kavyasrikodisa.24.cse@anits.edu.in
28,A24126510028,KORADASAIDEEPAK,koradasaideepak,koradasaideepak.24.cse@anits.edu.in
29,A24126510029,KORIMILLIVENKATAKALIDASKARTIKEY,korimillivenkatakalidaskartikey,korimillivenkatakalidaskartikey.24.cse@anits.edu.in
30,A24126510030,KOTYADAVARAPRASAD,kotyadavaraprasad,kotyadavaraprasad.24.cse@anits.edu.in
31,A24126510031,MADHUSUDANMAJHI,madhusudanmajhi,madhusudanmajhi.24.cse@anits.edu.in
32,A24126510032,MAJJICHAKRI,majjichakri,majjichakri.24.cse@anits.edu.in
33,A24126510033,MAJJISUHASHREEREDDY,majjisuhashreereddy,majjisuhashreereddy.24.cse@anits.edu.in
34,A24126510034,MALLELAVENKATANEEHAR,mallelavenkataneehar,mallelavenkataneehar.24.cse@anits.edu.in
35,A24126510035,MUDEGIFTYSHARON,mudegiftysharon,mudegiftysharon.24.cse@anits.edu.in
36,A24126510036,MUSIDIPILLIAKASH,musidipilliakash,musidipilliakash.24.cse@anits.edu.in
37,A24126510037,NEMALAPURISWATHI,nemalapuriswathi,nemalapuriswathi.24.cse@anits.edu.in
38,A24126510038,NULUMEGHANA,nulumeghana,nulumeghana.24.cse@anits.edu.in
39,A24126510039,NUNNASAISRIKAR,nunnasaisrikar,nunnasaisrikar.24.cse@anits.edu.in
40,A24126510040,PANCHODULADEEPIKAMANIDURGA,panchoduladeepikamanidurga,panchoduladeepikamanidurga.24.cse@anits.edu.in
41,A24126510041,PANDALOKESH,pandalokesh,pandalokesh.24.cse@anits.edu.in
42,A24126510042,PANGIJASWANTH,pangijaswanth,pangijaswanth.24.cse@anits.edu.in
43,A24126510043,PARAVADAJAYASURYA,paravadajayasurya,paravadajayasurya.24.cse@anits.edu.in
44,A24126510044,PASAGADAKARTHEEKAHASINI,pasagadakartheekahasini,pasagadakartheekahasini.24.cse@anits.edu.in
45,A24126510045,PATTEPUTEJARAHUL,patteputejarahul,patteputejarahul.24.cse@anits.edu.in
46,A24126510046,RIKKASHARMILA,rikkasharmila,rikkasharmila.24.cse@anits.edu.in
47,A24126510047,RONGALISRAVANI,rongalisravani,rongalisravani.24.cse@anits.edu.in
48,A24126510048,SAIDINESHALUGOJI,saidineshalugoji,saidineshalugoji.24.cse@anits.edu.in
49,A24126510049,SAISANDEEPSADHU,saisandeepsadhu,saisandeepsadhu.24.cse@anits.edu.in
50,A24126510050,SAMPATHIRAONIRANJANRAJU,sampathiraoniranjanraju,sampathiraoniranjanraju.24.cse@anits.edu.in
51,A24126510051,SHAIKMOHAMMADSYEDGOUSH,shaikmohammadsyedgoush,shaikmohammadsyedgoush.24.cse@anits.edu.in
52,A24126510052,SHAIKTANVEER,shaiktanveer,shaiktanveer.24.cse@anits.edu.in
53,A24126510053,SIRIPURAPUSRUTHIKA,siripurapusruthika,siripurapusruthika.24.cse@anits.edu.in
54,A24126510054,TALASUCHETHRIS,talasuchethris,talasuchethris.24.cse@anits.edu.in
55,A24126510055,TANGUDUMUKTHA,tangudumuktha,tangudumuktha.24.cse@anits.edu.in
56,A24126510056,TIRUMALASETTYNITYASAAHITHI,tirumalasettynityasaahithi,tirumalasettynityasaahithi.24.cse@anits.edu.in
57,A24126510057,VSAIRAGHUVEERCHOWDARY,vsairaghuveerchowdary,vsairaghuveerchowdary.24.cse@anits.edu.in
58,A24126510058,VALLIPALLIROHITHSAI,vallipallirohithsai,vallipallirohithsai.24.cse@anits.edu.in
59,A24126510059,VANAPALLIANISHA,vanapallianisha,vanapallianisha.24.cse@anits.edu.in
60,A24126510060,VAVILAPALLIGNANENDRA,vavilapallignanendra,vavilapallignanendra.24.cse@anits.edu.in
61,A24126510061,YALAMANCHILIRAHUL,yalamanchilirahul,yalamanchilirahul.24.cse@anits.edu.in
1,A24126510062,ALETIDEVASREE,aletidevasree,aletidevasree.24.cse@anits.edu.in
2,A24126510063,ALLADAHIMABINDU,alladahimabindu,alladahimabindu.24.cse@anits.edu.in
3,A24126510064,BALLAPREMKUMAR,ballapremkumar,ballapremkumar.24.cse@anits.edu.in
4,A24126510065,BHOGITHANMAYE,bhogithanmaye,bhogithanmaye.24.cse@anits.edu.in
5,A24126510066,BODELASAMEERAGRACE,bodelasameeragrace,bodelasameeragrace.24.cse@anits.edu.in
6,A24126510067,CHANAMALASANDEEP,chanamalasandeep,chanamalasandeep.24.cse@anits.edu.in
7,A24126510068,CHAPARLAPUJITHA,chaparlapujitha,chaparlapujitha.24.cse@anits.edu.in
8,A24126510069,CHEEPURUPALLIKEERTHIPRIYA,cheepurupallikeerthipriya,cheepurupallikeerthipriya.24.cse@anits.edu.in
9,A24126510070,CHITRADEEKSHITA,chitradeekshita,chitradeekshita.24.cse@anits.edu.in
10,A24126510071,CHODIPILLIKANAKARAMANA,chodipillikanakaramana,chodipillikanakaramana.24.cse@anits.edu.in
11,A24126510072,DANTULURIJAYADEEPVARMA,dantulurijayadeepvarma,dantulurijayadeepvarma.24.cse@anits.edu.in
12,A24126510073,EJJIPURAPUKIRAN,ejjipurapukiran,ejjipurapukiran.24.cse@anits.edu.in
13,A24126510074,EKAKARTHIK,ekakarthik,ekakarthik.24.cse@anits.edu.in
14,A24126510075,GADIKOYILASATYAVENKATARAMACHANDU,gadikoyilasatyavenkataramachandu,gadikoyilasatyavenkataramachandu.24.cse@anits.edu.in
15,A24126510076,GEDELAHARSHITH,gedelaharshith,gedelaharshith.24.cse@anits.edu.in
16,A24126510077,GUNTREDDYVAMSIKRISHNA,guntreddyvamsikrishna,guntreddyvamsikrishna.24.cse@anits.edu.in
17,A24126510078,JAMANDLAMUDISAHITYA,jamandlamudisahitya,jamandlamudisahitya.24.cse@anits.edu.in
18,A24126510079,KANAKALAHIMABINDU,kanakalahimabindu,kanakalahimabindu.24.cse@anits.edu.in
19,A24126510080,KAVURIHIRANMAI,kavurihiranmai,kavurihiranmai.24.cse@anits.edu.in
20,A24126510081,KEELUSURYA,keelusurya,keelusurya.24.cse@anits.edu.in
21,A24126510082,KHAIRUNNISHABEGUM,khairunnishabegum,khairunnishabegum.24.cse@anits.edu.in
22,A24126510083,KOTHASOMASEKHAR,kothasomasekhar,kothasomasekhar.24.cse@anits.edu.in
23,A24126510084,KOTIPATRUNINIKHIL,kotipatruninikhil,kotipatruninikhil.24.cse@anits.edu.in
24,A24126510085,LENKAREVATHI,lenkarevathi,lenkarevathi.24.cse@anits.edu.in
25,A24126510086,MADANALASHANMUKHARAO,madanalashanmukharao,madanalashanmukharao.24.cse@anits.edu.in
26,A24126510087,MANDHOTIVENKATASATYADHANUSH,mandhotivenkatasatyadhanush,mandhotivenkatasatyadhanush.24.cse@anits.edu.in
27,A24126510088,MANEESHCHINTAKAYALA,maneeshchintakayala,maneeshchintakayala.24.cse@anits.edu.in
28,A24126510089,MATTISANJAYDEEPAK,mattisanjaydeepak,mattisanjaydeepak.24.cse@anits.edu.in
29,A24126510090,MEDABOYINAMADHAVISRI,medaboyinamadhavisri,medaboyinamadhavisri.24.cse@anits.edu.in
30,A24126510091,MENNISRIVALLI,mennisrivalli,mennisrivalli.24.cse@anits.edu.in
31,A24126510092,MITHUNSAIKUMARPANIGRAHI,mithunsaikumarpanigrahi,mithunsaikumarpanigrahi.24.cse@anits.edu.in
32,A24126510093,MOHAMMADMUZAMMILRAZA,mohammadmuzammilraza,mohammadmuzammilraza.24.cse@anits.edu.in
33,A24126510094,MOHAMMADSAFIYAKHATOON,mohammadsafiyakhatoon,mohammadsafiyakhatoon.24.cse@anits.edu.in
34,A24126510095,MORITHANUJ,morithanuj,morithanuj.24.cse@anits.edu.in
35,A24126510096,MOTUPALLIKARTHIK,motupallikarthik,motupallikarthik.24.cse@anits.edu.in
36,A24126510097,MUKKABHAVANISHANKAR,mukkabhavanishankar,mukkabhavanishankar.24.cse@anits.edu.in
37,A24126510098,MULLAPUDIGEETHIKA,mullapudigeethika,mullapudigeethika.24.cse@anits.edu.in
38,A24126510099,MUTCHIJYOTHISRAVANI,mutchijyothisravani,mutchijyothisravani.24.cse@anits.edu.in
39,A24126510100,NADENDLARAJYALAKSHMI,nadendlarajyalakshmi,nadendlarajyalakshmi.24.cse@anits.edu.in
40,A24126510101,PAKKISIVARAMAKRISHNACHARAN,pakkisivaramakrishnacharan,pakkisivaramakrishnacharan.24.cse@anits.edu.in
41,A24126510102,PARCHURIMYTHILI,parchurimythili,parchurimythili.24.cse@anits.edu.in
42,A24126510103,PASUMARTHIVENKATASATYAKAVYA,pasumarthivenkatasatyakavya,pasumarthivenkatasatyakavya.24.cse@anits.edu.in
43,A24126510104,PERADASAIPOOJITHA,peradasaipoojitha,peradasaipoojitha.24.cse@anits.edu.in
44,A24126510105,PITTAALEKHYA,pittaalekhya,pittaalekhya.24.cse@anits.edu.in
45,A24126510106,RUPPATHANUSHA,ruppathanusha,ruppathanusha.24.cse@anits.edu.in
46,A24126510107,SABBAVARAPUKOTESWARAO,sabbavarapukoteswarao,sabbavarapukoteswarao.24.cse@anits.edu.in
47,A24126510108,SAVARASRIJA,savarasrija,savarasrija.24.cse@anits.edu.in
48,A24126510109,SINGULURIJOTSHNA,singulurijotshna,singulurijotshna.24.cse@anits.edu.in
49,A24126510110,SIYYADRIDURGAHARINI,siyyadridurgaharini,siyyadridurgaharini.24.cse@anits.edu.in
50,A24126510111,SUNKARIVENKATAPARDHASARADHI,sunkarivenkatapardhasaradhi,sunkarivenkatapardhasaradhi.24.cse@anits.edu.in
51,A24126510112,TALLAPUDIBHUVANASRILAKSHMI,tallapudibhuvanasrilakshmi,tallapudibhuvanasrilakshmi.24.cse@anits.edu.in
52,A24126510113,TANNIRUKASTHURI,tannirukasthuri,tannirukasthuri.24.cse@anits.edu.in
53,A24126510114,UNDRALLAMANOJKUMAR,undrallamanojkumar,undrallamanojkumar.24.cse@anits.edu.in
54,A24126510115,VADAPALLITEJESHVARMA,vadapallitejeshvarma,vadapallitejeshvarma.24.cse@anits.edu.in
55,A24126510116,VALUROUTHUSRISANTH,valurouthusrisanth,valurouthusrisanth.24.cse@anits.edu.in
56,A24126510117,VASIREDDIKEERTHIKASAI,vasireddikeerthikasai,vasireddikeerthikasai.24.cse@anits.edu.in
57,A24126510118,VASUPALLIVIJAYMANOHAR,vasupallivijaymanohar,vasupallivijaymanohar.24.cse@anits.edu.in
58,A24126510119,YERNINTIHARIKRISHNA,yernintiharikrishna,yernintiharikrishna.24.cse@anits.edu.in
1,A24126510120,ABDULSUBHANSHAIK,abdulsubhanshaik,abdulsubhanshaik.24.cse@anits.edu.in
2,A24126510121,ARIKATLAMANEESHCHOWDARY,arikatlamaneeshchowdary,arikatlamaneeshchowdary.24.cse@anits.edu.in
3,A24126510122,BONDAGEETESH,bondageetesh,bondageetesh.24.cse@anits.edu.in
4,A24126510123,BURLAPRUDHVIRAJ,burlaprudhviraj,burlaprudhviraj.24.cse@anits.edu.in
5,A24126510124,CHEKURIJYOTHISWAROOP,chekurijyothiswaroop,chekurijyothiswaroop.24.cse@anits.edu.in
6,A24126510125,CHEPURITEJA,chepuriteja,chepuriteja.24.cse@anits.edu.in
7,A24126510126,CHERUKUPALLISAISRIVAISHNAVI,cherukupallisaisrivaishnavi,cherukupallisaisrivaishnavi.24.cse@anits.edu.in
8,A24126510127,DUSURUMOKTHITHANAGAVALLI,dusurumokthithanagavalli,dusurumokthithanagavalli.24.cse@anits.edu.in
9,A24126510128,GEDELALEELAKIRAN,gedelaleelakiran,gedelaleelakiran.24.cse@anits.edu.in
10,A24126510129,GOLLUKUSUMANJALI,gollukusumanjali,gollukusumanjali.24.cse@anits.edu.in
11,A24126510130,GOPISETTIRAKESH,gopisettirakesh,gopisettirakesh.24.cse@anits.edu.in
12,A24126510131,GORLIDURGAPRASAD,gorlidurgaprasad,gorlidurgaprasad.24.cse@anits.edu.in
13,A24126510132,GUJJALACHANDU,gujjalachandu,gujjalachandu.24.cse@anits.edu.in
14,A24126510133,JAMIESWARVENKATASAI,jamieswarvenkatasai,jamieswarvenkatasai.24.cse@anits.edu.in
15,A24126510134,JOGALAKSHMIBHARGAV,jogalakshmibhargav,jogalakshmibhargav.24.cse@anits.edu.in
16,A24126510135,KADITHIGOVINDH,kadithigovindh,kadithigovindh.24.cse@anits.edu.in
17,A24126510136,KAREDDIKUSARAJU,kareddikusaraju,kareddikusaraju.24.cse@anits.edu.in
18,A24126510137,KARRINAVYANIHARIKA,karrinavyaniharika,karrinavyaniharika.24.cse@anits.edu.in
19,A24126510138,KASINATAJKHADAR,kasinatajkhadar,kasinatajkhadar.24.cse@anits.edu.in
20,A24126510139,KASUABHIRAMREDDY,kasuabhiramreddy,kasuabhiramreddy.24.cse@anits.edu.in
21,A24126510140,KESUBOINAJASWANTH,kesuboinajaswanth,kesuboinajaswanth.24.cse@anits.edu.in
22,A24126510141,KOROSAIKRISHNA,korosaikrishna,korosaikrishna.24.cse@anits.edu.in
23,A24126510142,KOTANAJOSHNAVI,kotanajoshnavi,kotanajoshnavi.24.cse@anits.edu.in
24,A24126510143,KUNAPAREDDIJASHWANTHSRIVASTAV,kunapareddijashwanthsrivastav,kunapareddijashwanthsrivastav.24.cse@anits.edu.in
25,A24126510144,KURRANISHANTH,kurranishanth,kurranishanth.24.cse@anits.edu.in
26,A24126510145,LANDAPRUDHVIRAJ,landaprudhviraj,landaprudhviraj.24.cse@anits.edu.in
27,A24126510146,MARISETTISRICHARANKAUSHIK,marisettisricharankaushik,marisettisricharankaushik.24.cse@anits.edu.in
28,A24126510147,MEESALAARUNA,meesalaaruna,meesalaaruna.24.cse@anits.edu.in
29,A24126510148,MERIGALASRIMANTH,merigalasrimanth,merigalasrimanth.24.cse@anits.edu.in
30,A24126510149,MODISRAVANI,modisravani,modisravani.24.cse@anits.edu.in
31,A24126510150,NALLAMSAIGANESH,nallamsaiganesh,nallamsaiganesh.24.cse@anits.edu.in
32,A24126510151,PALAVALASASRIVALLI,palavalasasrivalli,palavalasasrivalli.24.cse@anits.edu.in
33,A24126510152,PATNAIKUNIADARSH,patnaikuniadarsh,patnaikuniadarsh.24.cse@anits.edu.in
34,A24126510153,PEDDADAJASMINERATNA,peddadajasmineratna,peddadajasmineratna.24.cse@anits.edu.in
35,A24126510154,PENTAKOTADESHIK,pentakotadeshik,pentakotadeshik.24.cse@anits.edu.in
36,A24126510155,PITCHALLASRINIVASULUREDDY,pitchallasrinivasulureddy,pitchallasrinivasulureddy.24.cse@anits.edu.in
37,A24126510156,POLIMERAPRAVALLIKA,polimerapravallika,polimerapravallika.24.cse@anits.edu.in
38,A24126510157,POTHALATHARUNKUMAR,pothalatharunkumar,pothalatharunkumar.24.cse@anits.edu.in
39,A24126510158,POTHINAVAMSI,pothinavamsi,pothinavamsi.24.cse@anits.edu.in
40,A24126510159,PYDIGNANESHWAR,pydignaneshwar,pydignaneshwar.24.cse@anits.edu.in
41,A24126510160,RAJAMAVINASH,rajamavinash,rajamavinash.24.cse@anits.edu.in
42,A24126510161,RAMBHADEVAHARSHINI,rambhadevaharshini,rambhadevaharshini.24.cse@anits.edu.in
43,A24126510162,RATNALARAMJEE,ratnalaramjee,ratnalaramjee.24.cse@anits.edu.in
44,A24126510163,REPALLEMANASWINI,repallemanaswini,repallemanaswini.24.cse@anits.edu.in
45,A24126510164,REVUHEMANTHVARDHAN,revuhemanthvardhan,revuhemanthvardhan.24.cse@anits.edu.in
46,A24126510165,SUNKARAYAMINI,sunkarayamini,sunkarayamini.24.cse@anits.edu.in
47,A24126510166,TAMATAPUSIVARAMAKRISHNA,tamatapusivaramakrishna,tamatapusivaramakrishna.24.cse@anits.edu.in
48,A24126510167,TEELLATANUJA,teellatanuja,teellatanuja.24.cse@anits.edu.in
49,A24126510168,TEKKAMUJOSHITHA,tekkamujoshitha,tekkamujoshitha.24.cse@anits.edu.in
50,A24126510169,TERLINEHA,terlineha,terlineha.24.cse@anits.edu.in
51,A24126510170,THADIUDAY,thadiuday,thadiuday.24.cse@anits.edu.in
52,A24126510171,THOLAPULIKITH,tholapulikith,tholapulikith.24.cse@anits.edu.in
53,A24126510172,THRISHAKOLLA,thrishakolla,thrishakolla.24.cse@anits.edu.in
54,A24126510173,TIPPANACHANDRASEKHAR,tippanachandrasekhar,tippanachandrasekhar.24.cse@anits.edu.in
55,A24126510174,VANDRANGINEELIMA,vandrangineelima,vandrangineelima.24.cse@anits.edu.in
56,A24126510175,VATSAVAYILIKHITHA,vatsavayilikhitha,vatsavayilikhitha.24.cse@anits.edu.in
57,A24126510176,YALAMANCHIVINOD,yalamanchivinod,yalamanchivinod.24.cse@anits.edu.in
58,A24126510177,YEJJALAMAHADHANUSHSAI,yejjalamahadhanushsai,yejjalamahadhanushsai.24.cse@anits.edu.in
1,A24126510178,ANDAVARAPUROHITSAI,andavarapurohitsai,andavarapurohitsai.24.cse@anits.edu.in
2,A24126510179,ANGAVAMSI,angavamsi,angavamsi.24.cse@anits.edu.in
3,A24126510180,ANISHREDDYYAMALA,anishreddyyamala,anishreddyyamala.24.cse@anits.edu.in
4,A24126510181,ANNABATHULARAMYA,annabathularamya,annabathularamya.24.cse@anits.edu.in
5,A24126510182,ARATIKATLADURGAVENKATASAI,aratikatladurgavenkatasai,aratikatladurgavenkatasai.24.cse@anits.edu.in
6,A24126510183,BETANAPALLICHARAN,betanapallicharan,betanapallicharan.24.cse@anits.edu.in
7,A24126510184,BODASINGIPRAVEENKUMAR,bodasingipraveenkumar,bodasingipraveenkumar.24.cse@anits.edu.in
8,A24126510185,BORANAVEEN,boranaveen,boranaveen.24.cse@anits.edu.in
9,A24126510186,CHEEKATLAVIJAYKRISHNAKALYAN,cheekatlavijaykrishnakalyan,cheekatlavijaykrishnakalyan.24.cse@anits.edu.in
10,A24126510187,CHINTALAAVINASH,chintalaavinash,chintalaavinash.24.cse@anits.edu.in
11,A24126510188,CHINTHAKAYALAKOTILOKTEJA,chinthakayalakotilokteja,chinthakayalakotilokteja.24.cse@anits.edu.in
12,A24126510189,CHINTHAPALLISAIRAJINEESH,chinthapallisairajineesh,chinthapallisairajineesh.24.cse@anits.edu.in
13,A24126510190,CHUKKAVENUGOPALAM,chukkavenugopalam,chukkavenugopalam.24.cse@anits.edu.in
14,A24126510191,DABBEERUVEDHAKASYAPPATNAIK,dabbeeruvedhakasyappatnaik,dabbeeruvedhakasyappatnaik.24.cse@anits.edu.in
15,A24126510192,DANGETISRIRAMROHITH,dangetisriramrohith,dangetisriramrohith.24.cse@anits.edu.in
16,A24126510193,DASARAJOGINAIDU,dasarajoginaidu,dasarajoginaidu.24.cse@anits.edu.in
17,A24126510194,EDUBILLIADITYANAIDU,edubilliadityanaidu,edubilliadityanaidu.24.cse@anits.edu.in
18,A24126510195,GOLLASUSHMARUTH,gollasushmaruth,gollasushmaruth.24.cse@anits.edu.in
19,A24126510196,GUDALACHARITHA,gudalacharitha,gudalacharitha.24.cse@anits.edu.in
20,A24126510197,GURAVANAKRISHNA,guravanakrishna,guravanakrishna.24.cse@anits.edu.in
21,A24126510198,KANDIKUPPAKEERTHANA,kandikuppakeerthana,kandikuppakeerthana.24.cse@anits.edu.in
22,A24126510199,KAPPALADIVYASRI,kappaladivyasri,kappaladivyasri.24.cse@anits.edu.in
23,A24126510200,KONADACHARAN,konadacharan,konadacharan.24.cse@anits.edu.in
24,A24126510201,KONCHADABHANUSRI,konchadabhanusri,konchadabhanusri.24.cse@anits.edu.in
25,A24126510202,KORADAHARSHAVARDHAN,koradaharshavardhan,koradaharshavardhan.24.cse@anits.edu.in
26,A24126510203,KOTNANAVAISHNAVI,kotnanavaishnavi,kotnanavaishnavi.24.cse@anits.edu.in
27,A24126510204,KRISHNAKARTHIKPIDUGU,krishnakarthikpidugu,krishnakarthikpidugu.24.cse@anits.edu.in
28,A24126510205,LAVANYASAVARA,lavanyasavara,lavanyasavara.24.cse@anits.edu.in
29,A24126510206,MVBLALITHASRIHASINI,mvblalithasrihasini,mvblalithasrihasini.24.cse@anits.edu.in
30,A24126510207,MADAKAMSRISANTOSH,madakamsrisantosh,madakamsrisantosh.24.cse@anits.edu.in
31,A24126510208,MAHANTHIKARTHIK,mahanthikarthik,mahanthikarthik.24.cse@anits.edu.in
32,A24126510209,MASAGANISAIGOWTHAM,masaganisaigowtham,masaganisaigowtham.24.cse@anits.edu.in
33,A24126510210,MENDEMABHINAV,mendemabhinav,mendemabhinav.24.cse@anits.edu.in
34,A24126510211,MUHAMMADAZMAL,muhammadazmal,muhammadazmal.24.cse@anits.edu.in
35,A24126510212,NAKKINAGOVARDHAN,nakkinagovardhan,nakkinagovardhan.24.cse@anits.edu.in
36,A24126510213,NAVARABHARGAVI,navarabhargavi,navarabhargavi.24.cse@anits.edu.in
37,A24126510214,PATRUNIHRUSHIKESH,patrunihrushikesh,patrunihrushikesh.24.cse@anits.edu.in
38,A24126510215,PENUMAKAVINAYBHARATKUMAR,penumakavinaybharatkumar,penumakavinaybharatkumar.24.cse@anits.edu.in
39,A24126510216,POTHURAJUGOUTHAM,pothurajugoutham,pothurajugoutham.24.cse@anits.edu.in
40,A24126510217,PULIDINDICHERANRAM,pulidindicheranram,pulidindicheranram.24.cse@anits.edu.in
41,A24126510218,PULLABHATLASAHITHI,pullabhatlasahithi,pullabhatlasahithi.24.cse@anits.edu.in
42,A24126510219,RAVADALAKSHITHA,ravadalakshitha,ravadalakshitha.24.cse@anits.edu.in
43,A24126510220,RUTHVIKPRANAVADAPA,ruthvikpranavadapa,ruthvikpranavadapa.24.cse@anits.edu.in
44,A24126510221,SALAGOWTHAM,salagowtham,salagowtham.24.cse@anits.edu.in
45,A24126510222,SARIPALLIBHAVANIDEVI,saripallibhavanidevi,saripallibhavanidevi.24.cse@anits.edu.in
46,A24126510223,SATYAVARAPUGAYATHRI,satyavarapugayathri,satyavarapugayathri.24.cse@anits.edu.in
47,A24126510224,SHAIKFEROZ,shaikferoz,shaikferoz.24.cse@anits.edu.in
48,A24126510225,SIRAGAMTEJASWARI,siragamtejaswari,siragamtejaswari.24.cse@anits.edu.in
49,A24126510226,SURAVARAPUCHAITANYA,suravarapuchaitanya,suravarapuchaitanya.24.cse@anits.edu.in
50,A24126510227,TATIKONDANIHARIKA,tatikondaniharika,tatikondaniharika.24.cse@anits.edu.in
51,A24126510228,TEKUDIMPLESRAVYA,tekudimplesravya,tekudimplesravya.24.cse@anits.edu.in
52,A24126510229,THOGUROTHUAJAYHARSHATH,thogurothuajayharshath,thogurothuajayharshath.24.cse@anits.edu.in
53,A24126510230,VANTHARAMADITYA,vantharamaditya,vantharamaditya.24.cse@anits.edu.in
54,A24126510231,VARANASIGAGANKUMAR,varanasigagankumar,varanasigagankumar.24.cse@anits.edu.in
55,A24126510232,VEDURUPAKALAUSHASRI,vedurupakalaushasri,vedurupakalaushasri.24.cse@anits.edu.in
56,A24126510233,VEMURILEELANARASIMHASAIVISHAL,vemurileelanarasimhasaivishal,vemurileelanarasimhasaivishal.24.cse@anits.edu.in
57,A24126510234,VINJUMURIPAVANVENKATASRIKAR,vinjumuripavanvenkatasrikar,vinjumuripavanvenkatasrikar.24.cse@anits.edu.in
58,A24126510235,YELUMALAVENUGOPAL,yelumalavenugopal,yelumalavenugopal.24.cse@anits.edu.in