CSM,,,,
S.NO.,PERMANENT ROLL NO.,NAME OF THE STUDENT,,Email ID
1,A24126552001,ABOTHUYASODHATEJAYASHWITHA,abothuyasodhatejayashwitha,abothuyasodhatejayashwitha.24.csm@anits.edu.in
2,A24126552002,ADDALAMEGHANA,addalameghana,addalameghana.24.csm@anits.edu.in
3,A24126552003,ADIMOLUVVNAGADURGESH,adimoluvvnagadurgesh,adimoluvvnagadurgesh.24.csm@anits.edu.in
4,A24126552004,AKKIVARAPUVANI,akkivarapuvani,akkivarapuvani.24.csm@anits.edu.in
5,A24126552005,ALLAKAVIRENDRAAMAN,allakavirendraaman,allakavirendraaman.24.csm@anits.edu.in
6,A24126552006,ALUBILLITHARUN,alubillitharun,alubillitharun.24.csm@anits.edu.in
7,A24126552007,ANDALURISHANMUKHARAO,andalurishanmukharao,andalurishanmukharao.24.csm@anits.edu.in
8,A24126552008,AVIDISHREEVAISHNAVI,avidishreevaishnavi,avidishreevaishnavi.24.csm@anits.edu.in
9,A24126552009,BANDIMOHANSAIMANIKANTA,bandimohansaimanikanta,bandimohansaimanikanta.24.csm@anits.edu.in
10,A24126552010,BEHARALASYASREE,beharalasyasree,beharalasyasree.24.csm@anits.edu.in
11,A24126552011,BISIRINGISUSHUMNA,bisiringisushumna,bisiringisushumna.24.csm@anits.edu.in
12,A24126552012,BOTSASAHITHIPRIYADARSHINI,botsasahithipriyadarshini,botsasahithipriyadarshini.24.csm@anits.edu.in
13,A24126552013,BUDISAIPRANAY,budisaipranay,budisaipranay.24.csm@anits.edu.in
14,A24126552014,BUTUDHANUSHKUMARNAIDU,butudhanushkumarnaidu,butudhanushkumarnaidu.24.csm@anits.edu.in
15,A24126552015,CHIKATIHARSHINI,chikatiharshini,chikatiharshini.24.csm@anits.edu.in
16,A24126552016,DASUVARSHITH,dasuvarshith,dasuvarshith.24.csm@anits.edu.in
17,A24126552017,DAVULURISRIGURUDATTA,davulurisrigurudatta,davulurisrigurudatta.24.csm@anits.edu.in
18,A24126552018,DEVARAPALLICHARAN,devarapallicharan,devarapallicharan.24.csm@anits.edu.in
19,A24126552019,DHODDIUMESH,dhoddiumesh,dhoddiumesh.24.csm@anits.edu.in
20,A24126552020,DONKAVENKATALAKSHMI,donkavenkatalakshmi,donkavenkatalakshmi.24.csm@anits.edu.in
21,A24126552021,DULLAVIDHYASAGAR,dullavidhyasagar,dullavidhyasagar.24.csm@anits.edu.in
22,A24126552022,GANTAVENKATAPRIYAAKSHAYADEVI,gantavenkatapriyaakshayadevi,gantavenkatapriyaakshayadevi.24.csm@anits.edu.in
23,A24126552023,GOSALAVASTAVNANDU,gosalavastavnandu,gosalavastavnandu.24.csm@anits.edu.in
24,A24126552024,GUDIVADABHANUMANOHAR,gudivadabhanumanohar,gudivadabhanumanohar.24.csm@anits.edu.in
25,A24126552025,KACHALASHANMUKH,kachalashanmukh,kachalashanmukh.24.csm@anits.edu.in
26,A24126552026,KALATIRIPINANDHINI,kalatiripinandhini,kalatiripinandhini.24.csm@anits.edu.in
27,A24126552027,KANDREGULAAASRITHA,kandregulaaasritha,kandregulaaasritha.24.csm@anits.edu.in
28,A24126552028,KAPARAPUSWAROOPKUMAR,kaparapuswaroopkumar,kaparapuswaroopkumar.24.csm@anits.edu.in
29,A24126552029,KARTHUYUVASRUTHI,karthuyuvasruthi,karthuyuvasruthi.24.csm@anits.edu.in
30,A24126552030,KAVULURUKRISHNAVARSHINI,kavulurukrishnavarshini,kavulurukrishnavarshini.24.csm@anits.edu.in
31,A24126552031,KONALALEELAVENKATASAI,konalaleelavenkatasai,konalaleelavenkatasai.24.csm@anits.edu.in
32,A24126552032,KONDAPUUMAMAHESWARREDDY,kondapuumamaheswarreddy,kondapuumamaheswarreddy.24.csm@anits.edu.in
33,A24126552033,KOPPOJUPRAVALLIKA,koppojupravallika,koppojupravallika.24.csm@anits.edu.in
34,A24126552034,MADAKAMAKHEERANANDAN,madakamakheeranandan,madakamakheeranandan.24.csm@anits.edu.in
35,A24126552035,MADDALAPARADESINAIDU,maddalaparadesinaidu,maddalaparadesinaidu.24.csm@anits.edu.in
36,A24126552036,MADDULADINESH,madduladinesh,madduladinesh.24.csm@anits.edu.in
37,A24126552037,MANDAHAASINI,mandahaasini,mandahaasini.24.csm@anits.edu.in
38,A24126552038,MANYAMNAGENDRA,manyamnagendra,manyamnagendra.24.csm@anits.edu.in
39,A24126552039,MEDAPATISAIABHILASH,medapatisaiabhilash,medapatisaiabhilash.24.csm@anits.edu.in
40,A24126552040,MEGHANAGUMMADI,meghanagummadi,meghanagummadi.24.csm@anits.edu.in
41,A24126552041,MULAMPAKASANMUKAKIRAN,mulampakasanmukakiran,mulampakasanmukakiran.24.csm@anits.edu.in
42,A24126552042,NAMALAYAGNASRI,namalayagnasri,namalayagnasri.24.csm@anits.edu.in
43,A24126552043,NARALASETTYDISHIKA,naralasettydishika,naralasettydishika.24.csm@anits.edu.in
44,A24126552044,PALAKURTHIAKSHAYAMADHURI,palakurthiakshayamadhuri,palakurthiakshayamadhuri.24.csm@anits.edu.in
45,A24126552045,PANCHADISAIKRISHNAKARTHIK,panchadisaikrishnakarthik,panchadisaikrishnakarthik.24.csm@anits.edu.in
46,A24126552046,PASUPULETIVENKATARAVITEJA,pasupuletivenkataraviteja,pasupuletivenkataraviteja.24.csm@anits.edu.in
47,A24126552047,PEDDINTISURYAPRAKASH,peddintisuryaprakash,peddintisuryaprakash.24.csm@anits.edu.in
48,A24126552048,PEELAPOOJITHA,peelapoojitha,peelapoojitha.24.csm@anits.edu.in
49,A24126552049,PEYYALANIESTCHALDHEERAJ,peyyalaniestchaldheeraj,peyyalaniestchaldheeraj.24.csm@anits.edu.in
50,A24126552050,POTNURIPARIMALA,potnuriparimala,potnuriparimala.24.csm@anits.edu.in
51,A24126552051,RANGALAANUSWETHA,rangalaanuswetha,rangalaanuswetha.24.csm@anits.edu.in
52,A24126552052,SADAPUSANJAYRISHI,sadapusanjayrishi,sadapusanjayrishi.24.csm@anits.edu.in
53,A24126552053,SALAPUKEERTHANA,salapukeerthana,salapukeerthana.24.csm@anits.edu.in
54,A24126552054,SAMPATHIRAOTHANMAYSRIVASTAV,sampathiraothanmaysrivastav,sampathiraothanmaysrivastav.24.csm@anits.edu.in
55,A24126552055,SHAIKARBAAZMEHAMOOD,shaikarbaazmehamood,shaikarbaazmehamood.24.csm@anits.edu.in
56,A24126552056,SHAIKHUSSAIN,shaikhussain,shaikhussain.24.csm@anits.edu.in
57,A24126552057,SHAIKRIJWANA,shaikrijwana,shaikrijwana.24.csm@anits.edu.in
58,A24126552058,SIVARATHRIYESWANTH,sivarathriyeswanth,sivarathriyeswanth.24.csm@anits.edu.in
59,A24126552059,TANNIDHANUNJAY,tannidhanunjay,tannidhanunjay.24.csm@anits.edu.in
60,A24126552060,TARAPURAMAKHIL,tarapuramakhil,tarapuramakhil.24.csm@anits.edu.in
61,A24126552061,THANGETITEJADURGAPRASAD,thangetitejadurgaprasad,thangetitejadurgaprasad.24.csm@anits.edu.in
62,A24126552062,UNNAMSUSMITHA,unnamsusmitha,unnamsusmitha.24.csm@anits.edu.in
63,A24126552063,VANAPALLIMOHITH,vanapallimohith,vanapallimohith.24.csm@anits.edu.in
64,A24126552064,VANTAKULAKRUPANANDH,vantakulakrupanandh,vantakulakrupanandh.24.csm@anits.edu.in
65,A24126552065,VEMAGIRINAVYAVERONICA,vemagirinavyaveronica,vemagirinavyaveronica.24.csm@anits.edu.in
66,A24126552066,YERUSUJASWANTHREDDY,yerusujaswanthreddy,yerusujaswanthreddy.24.csm@anits.edu.in
1,A24126552067,ALLIPILLIROHIT,allipillirohit,allipillirohit.24.csm@anits.edu.in
2,A24126552068,AMARABHANUPRASAD,amarabhanuprasad,amarabhanuprasad.24.csm@anits.edu.in
3,A24126552069,BADAGALACHARISHMA,badagalacharishma,badagalacharishma.24.csm@anits.edu.in
4,A24126552070,BADAGALAJATIN,badagalajatin,badagalajatin.24.csm@anits.edu.in
5,A24126552071,BADANAPRANATHI,badanapranathi,badanapranathi.24.csm@anits.edu.in
6,A24126552072,BAGADIMANOJ,bagadimanoj,bagadimanoj.24.csm@anits.edu.in
7,A24126552073,BODALAHARSHADRAM,bodalaharshadram,bodalaharshadram.24.csm@anits.edu.in
8,A24126552074,BODDAPUVENKATASAILAXMI,boddapuvenkatasailaxmi,boddapuvenkatasailaxmi.24.csm@anits.edu.in
9,A24126552075,BORAHARSHAVARDHAN,boraharshavardhan,boraharshavardhan.24.csm@anits.edu.in
10,A24126552076,CHELLAGOURISAISREE,chellagourisaisree,chellagourisaisree.24.csm@anits.edu.in
11,A24126552077,CHELLURIKARTHIK,chellurikarthik,chellurikarthik.24.csm@anits.edu.in
12,A24126552078,CHITTELAVENUGOPALREDDY,chittelavenugopalreddy,chittelavenugopalreddy.24.csm@anits.edu.in
13,A24126552079,DWARAPUDISUSWETHA,dwarapudisuswetha,dwarapudisuswetha.24.csm@anits.edu.in
14,A24126552080,EMANDIHARICHARAN,emandiharicharan,emandiharicharan.24.csm@anits.edu.in
15,A24126552081,GANJIVENKATAVIJAYANUDEEP,ganjivenkatavijayanudeep,ganjivenkatavijayanudeep.24.csm@anits.edu.in
16,A24126552082,GEDELAKAVYA,gedelakavya,gedelakavya.24.csm@anits.edu.in
17,A24126552083,JADDEDASRIKAR,jaddedasrikar,jaddedasrikar.24.csm@anits.edu.in
18,A24126552084,JAKKAMSETTIBHUVANTEJA,jakkamsettibhuvanteja,jakkamsettibhuvanteja.24.csm@anits.edu.in
19,A24126552085,JAMISRAVANKUMAR,jamisravankumar,jamisravankumar.24.csm@anits.edu.in
20,A24126552086,KARIMAJJIVINAY,karimajjivinay,karimajjivinay.24.csm@anits.edu.in
21,A24126552087,KARRIRAMA,karrirama,karrirama.24.csm@anits.edu.in
22,A24126552088,KONAANUSHA,konaanusha,konaanusha.24.csm@anits.edu.in
23,A24126552089,KOYYAAPPALAREDDY,koyyaappalareddy,koyyaappalareddy.24.csm@anits.edu.in
24,A24126552090,KUNDISARANYA,kundisaranya,kundisaranya.24.csm@anits.edu.in
25,A24126552091,KUTCHERLAPATISUHASVARMA,kutcherlapatisuhasvarma,kutcherlapatisuhasvarma.24.csm@anits.edu.in
26,A24126552092,LAGUDUSRILAKSHMISRAVYA,lagudusrilakshmisravya,lagudusrilakshmisravya.24.csm@anits.edu.in
27,A24126552093,MADAPALASIVAGANESH,madapalasivaganesh,madapalasivaganesh.24.csm@anits.edu.in
28,A24126552094,MADDALASURYAPRBHATH,maddalasuryaprbhath,maddalasuryaprbhath.24.csm@anits.edu.in
29,A24126552095,MALLAPURNACHANDRA,mallapurnachandra,mallapurnachandra.24.csm@anits.edu.in
30,A24126552096,MALLEMPUDISAICHARAN,mallempudisaicharan,mallempudisaicharan.24.csm@anits.edu.in
31,A24126552097,MENTENIHARIKA,menteniharika,menteniharika.24.csm@anits.edu.in
32,A24126552098,MOHAMMEDALMAS,mohammedalmas,mohammedalmas.24.csm@anits.edu.in
33,A24126552099,NARLASAMHAVYASUBHANVITHA,narlasamhavyasubhanvitha,narlasamhavyasubhanvitha.24.csm@anits.edu.in
34,A24126552100,NIMIDITHALLINANDU,nimidithallinandu,nimidithallinandu.24.csm@anits.edu.in
35,A24126552101,PARASELLIDINESHKUMAR,parasellidineshkumar,parasellidineshkumar.24.csm@anits.edu.in
36,A24126552102,PATHARLAPALLIRAGHURAM,patharlapalliraghuram,patharlapalliraghuram.24.csm@anits.edu.in
37,A24126552103,PATNANAHARSHAVARDHAN,patnanaharshavardhan,patnanaharshavardhan.24.csm@anits.edu.in
38,A24126552104,PAYALAGOVINDAMMA,payalagovindamma,payalagovindamma.24.csm@anits.edu.in
39,A24126552105,PONNURUSAISHISHIR,ponnurusaishishir,ponnurusaishishir.24.csm@anits.edu.in
40,A24126552106,POTHURULOVAPRASADREDDY,pothurulovaprasadreddy,pothurulovaprasadreddy.24.csm@anits.edu.in
41,A24126552107,RAMAVATHUPRUDHVINAIK,ramavathuprudhvinaik,ramavathuprudhvinaik.24.csm@anits.edu.in
42,A24126552108,RAPETISRIVALLI,rapetisrivalli,rapetisrivalli.24.csm@anits.edu.in
43,A24126552109,REDDIPUJITHARAM,reddipujitharam,reddipujitharam.24.csm@anits.edu.in
44,A24126552110,REDDYMOHINI,reddymohini,reddymohini.24.csm@anits.edu.in
45,A24126552111,REJETISANDEEP,rejetisandeep,rejetisandeep.24.csm@anits.edu.in
46,A24126552112,ROHITHGURUGUBELLI,rohithgurugubelli,rohithgurugubelli.24.csm@anits.edu.in
47,A24126552113,RONGALIVARUNKUMAR,rongalivarunkumar,rongalivarunkumar.24.csm@anits.edu.in
48,A24126552114,ROWTHUBHASKARABHIRAM,rowthubhaskarabhiram,rowthubhaskarabhiram.24.csm@anits.edu.in
49,A24126552115,RUTHALAVARSHINI,ruthalavarshini,ruthalavarshini.24.csm@anits.edu.in
50,A24126552116,SANABOINASATYAJAYAVANTH,sanaboinasatyajayavanth,sanaboinasatyajayavanth.24.csm@anits.edu.in
51,A24126552117,SASUPILLIDEEKSHITHA,sasupillideekshitha,sasupillideekshitha.24.csm@anits.edu.in
52,A24126552118,SATHULURIGNANASRIHARSHA,sathulurignanasriharsha,sathulurignanasriharsha.24.csm@anits.edu.in
53,A24126552119,SURAJMATHE,surajmathe,surajmathe.24.csm@anits.edu.in
54,A24126552120,TAMMINAUSHASRI,tamminaushasri,tamminaushasri.24.csm@anits.edu.in
55,A24126552121,TENNETISAISANTOSHSRIRAM,tennetisaisantoshsriram,tennetisaisantoshsriram.24.csm@anits.edu.in
56,A24126552122,TEPPALAAKSHAYA,teppalaakshaya,teppalaakshaya.24.csm@anits.edu.in
57,A24126552123,VLEKHYASRI,vlekhyasri,vlekhyasri.24.csm@anits.edu.in
58,A24126552124,VANAPALLICHIRUDEEP,vanapallichirudeep,vanapallichirudeep.24.csm@anits.edu.in
59,A24126552125,VANISREEMEESALA,vanisreemeesala,vanisreemeesala.24.csm@anits.edu.in
60,A24126552126,VEDURIVASAVICHERISHMA,vedurivasavicherishma,vedurivasavicherishma.24.csm@anits.edu.in
61,A24126552127,YANDRAABHISHEK,yandraabhishek,yandraabhishek.24.csm@anits.edu.in
1,A24126552128,ALAMANDANIKHILKOWSHIK,alamandanikhilkowshik,alamandanikhilkowshik.24.csm@anits.edu.in
2,A24126552129,BALABOMMAMANISHSAI,balabommamanishsai,balabommamanishsai.24.csm@anits.edu.in
3,A24126552130,BALLEDASRIYASASWI,balledasriyasaswi,balledasriyasaswi.24.csm@anits.edu.in
4,A24126552131,BODEDDULACHANDRAMOULIKA,bodeddulachandramoulika,bodeddulachandramoulika.24.csm@anits.edu.in
5,A24126552132,BONDAUDAY,bondauday,bondauday.24.csm@anits.edu.in
6,A24126552133,BORRARUSHITHA,borrarushitha,borrarushitha.24.csm@anits.edu.in
7,A24126552134,CHADALAVADAPRADEEP,chadalavadapradeep,chadalavadapradeep.24.csm@anits.edu.in
8,A24126552135,CHINTAGADAHARSHINI,chintagadaharshini,chintagadaharshini.24.csm@anits.edu.in
9,A24126552136,DADIHARISHKUMAR,dadiharishkumar,dadiharishkumar.24.csm@anits.edu.in
10,A24126552137,DUPPATLAJASWANTHRAJU,duppatlajaswanthraju,duppatlajaswanthraju.24.csm@anits.edu.in
11,A24126552138,DUSIBALANANDAHIMESH,dusibalanandahimesh,dusibalanandahimesh.24.csm@anits.edu.in
12,A24126552139,GANDIBOINACHANDRARAO,gandiboinachandrarao,gandiboinachandrarao.24.csm@anits.edu.in
13,A24126552140,GANGALLALAXMIMANASHA,gangallalaxmimanasha,gangallalaxmimanasha.24.csm@anits.edu.in
14,A24126552141,GORIKARAJESH,gorikarajesh,gorikarajesh.24.csm@anits.edu.in
15,A24126552142,IRRITANUSREE,irritanusree,irritanusree.24.csm@anits.edu.in
16,A24126552143,JAMIVISHNUPRIYA,jamivishnupriya,jamivishnupriya.24.csm@anits.edu.in
17,A24126552144,JANJYAMPRASANTHI,janjyamprasanthi,janjyamprasanthi.24.csm@anits.edu.in
18,A24126552145,JOGACHANDU,jogachandu,jogachandu.24.csm@anits.edu.in
19,A24126552146,KALLURIRAKESH,kallurirakesh,kallurirakesh.24.csm@anits.edu.in
20,A24126552147,KANCHUMANIHARISURYAVEERABADRATEJASWINI,kanchumaniharisuryaveerabadratejaswini,kanchumaniharisuryaveerabadratejaswini.24.csm@anits.edu.in
21,A24126552148,KARROTHULOKESH,karrothulokesh,karrothulokesh.24.csm@anits.edu.in
22,A24126552149,KASUSAHITHI,kasusahithi,kasusahithi.24.csm@anits.edu.in
23,A24126552150,KATRAGADDAMAHITHA,katragaddamahitha,katragaddamahitha.24.csm@anits.edu.in
24,A24126552151,KHALIDATHABSUM,khalidathabsum,khalidathabsum.24.csm@anits.edu.in
25,A24126552152,KILARISUSHANTHSAIKRISHNA,kilarisushanthsaikrishna,kilarisushanthsaikrishna.24.csm@anits.edu.in
26,A24126552153,KOLASAIGANESH,kolasaiganesh,kolasaiganesh.24.csm@anits.edu.in
27,A24126552154,KOLISETTYHARSHAVARDHAN,kolisettyharshavardhan,kolisettyharshavardhan.24.csm@anits.edu.in
28,A24126552155,KOMARAVOLUVENKATAKARTHIK,komaravoluvenkatakarthik,komaravoluvenkatakarthik.24.csm@anits.edu.in
29,A24126552156,KONDETIMONISHA,kondetimonisha,kondetimonisha.24.csm@anits.edu.in
30,A24126552157,LAVUDUPRASAD,lavuduprasad,lavuduprasad.24.csm@anits.edu.in
31,A24126552158,LEKKALALAKSHITHA,lekkalalakshitha,lekkalalakshitha.24.csm@anits.edu.in
32,A24126552159,MACHAMANISANKAR,machamanisankar,machamanisankar.24.csm@anits.edu.in
33,A24126552160,MAMIDITEJANARAYANA,mamiditejanarayana,mamiditejanarayana.24.csm@anits.edu.in
34,A24126552161,MEESALAPAVANI,meesalapavani,meesalapavani.24.csm@anits.edu.in
35,A24126552162,NANDAASHOK,nandaashok,nandaashok.24.csm@anits.edu.in
36,A24126552163,PADILIKHITHA,padilikhitha,padilikhitha.24.csm@anits.edu.in
37,A24126552164,PASUMARTHYCHAITRIKAKALYANI,pasumarthychaitrikakalyani,pasumarthychaitrikakalyani.24.csm@anits.edu.in
38,A24126552165,PATNALAPRANEETHKUMAR,patnalapraneethkumar,patnalapraneethkumar.24.csm@anits.edu.in
39,A24126552166,PATNANASRINU,patnanasrinu,patnanasrinu.24.csm@anits.edu.in
40,A24126552167,PENDYALAKARTHIKEYA,pendyalakarthikeya,pendyalakarthikeya.24.csm@anits.edu.in
41,A24126552168,POLAMARASETTYBALAJI,polamarasettybalaji,polamarasettybalaji.24.csm@anits.edu.in
42,A24126552169,PONNAMANDAHARSHITHA,ponnamandaharshitha,ponnamandaharshitha.24.csm@anits.edu.in
43,A24126552170,PREMASOHITHKUMAR,premasohithkumar,premasohithkumar.24.csm@anits.edu.in
44,A24126552171,RAMBARKIPRAHARSHA,rambarkipraharsha,rambarkipraharsha.24.csm@anits.edu.in
45,A24126552172,RANDHISRISIDDASHANMUKAVARAPRASAD,randhisrisiddashanmukavaraprasad,randhisrisiddashanmukavaraprasad.24.csm@anits.edu.in
46,A24126552173,RAPETIJEETESHKUMAR,rapetijeeteshkumar,rapetijeeteshkumar.24.csm@anits.edu.in
47,A24126552174,REDDIGAGAN,reddigagan,reddigagan.24.csm@anits.edu.in
48,A24126552175,SAMBANGITARUN,sambangitarun,sambangitarun.24.csm@anits.edu.in
49,A24126552176,SARIDHARANI,saridharani,saridharani.24.csm@anits.edu.in
50,A24126552177,SEELAMGUNANAVEENSIDHARDHA,seelamgunanaveensidhardha,seelamgunanaveensidhardha.24.csm@anits.edu.in
51,A24126552178,SHAIKMULLAUZAIFAHAMED,shaikmullauzaifahamed,shaikmullauzaifahamed.24.csm@anits.edu.in
52,A24126552179,SIVAKOTISRIVAMSI,sivakotisrivamsi,sivakotisrivamsi.24.csm@anits.edu.in
53,A24126552180,SUNKARAMOHANASRUTHI,sunkaramohanasruthi,sunkaramohanasruthi.24.csm@anits.edu.in
54,A24126552181,TENTUTEJASWARI,tentutejaswari,tentutejaswari.24.csm@anits.edu.in
55,A24126552182,THELLAHARSHINI,thellaharshini,thellaharshini.24.csm@anits.edu.in
56,A24126552183,THONANGISUNITHA,thonangisunitha,thonangisunitha.24.csm@anits.edu.in
57,A24126552184,ULAVALAPUDIANIL,ulavalapudianil,ulavalapudianil.24.csm@anits.edu.in
58,A24126552185,VALUROUTHUNANI,valurouthunani,valurouthunani.24.csm@anits.edu.in
59,A24126552186,VUGIRIGOVARDHAN,vugirigovardhan,vugirigovardhan.24.csm@anits.edu.in
60,A24126552187,VUTAKOTISAIVENKATALAKSHMIMOKSHMIKA,vutakotisaivenkatalakshmimokshmika,vutakotisaivenkatalakshmimokshmika.24.csm@anits.edu.in
1,A24126552188,ALLIPILLIDILEEP,allipillidileep,allipillidileep.24.csm@anits.edu.in
2,A24126552189,ALTHINAGESH,althinagesh,althinagesh.24.csm@anits.edu.in
3,A24126552190,ARNEPALLIPAVANTEJNAIDU,arnepallipavantejnaidu,arnepallipavantejnaidu.24.csm@anits.edu.in
4,A24126552191,BADEPRASNTH,badeprasnth,badeprasnth.24.csm@anits.edu.in
5,A24126552192,BANDAPAVANGANESH,bandapavanganesh,bandapavanganesh.24.csm@anits.edu.in
6,A24126552193,BISWASMOHANDEEP,biswasmohandeep,biswasmohandeep.24.csm@anits.edu.in
7,A24126552194,BOKKAYAKOBU,bokkayakobu,bokkayakobu.24.csm@anits.edu.in
8,A24126552195,BURADINESHKARTHIKYADAV,buradineshkarthikyadav,buradineshkarthikyadav.24.csm@anits.edu.in
9,A24126552196,CHELLURUCHAITANYASRI,chelluruchaitanyasri,chelluruchaitanyasri.24.csm@anits.edu.in
10,A24126552197,CHILLAKURIVENKATAADITHYANANDU,chillakurivenkataadithyanandu,chillakurivenkataadithyanandu.24.csm@anits.edu.in
11,A24126552198,CHINTADAHARSHITA,chintadaharshita,chintadaharshita.24.csm@anits.edu.in
12,A24126552199,CHUKKASATWIKA,chukkasatwika,chukkasatwika.24.csm@anits.edu.in
13,A24126552200,DEVUPALLIKEERTHIPRIYA,devupallikeerthipriya,devupallikeerthipriya.24.csm@anits.edu.in
14,A24126552201,DOGGAMOHIT,doggamohit,doggamohit.24.csm@anits.edu.in
15,A24126552202,GABUHARIKISHANREDDY,gabuharikishanreddy,gabuharikishanreddy.24.csm@anits.edu.in
16,A24126552203,GANDETINITHEESA,gandetinitheesa,gandetinitheesa.24.csm@anits.edu.in
17,A24126552204,GIRADAPURUSHOTHAMRAO,giradapurushothamrao,giradapurushothamrao.24.csm@anits.edu.in
18,A24126552205,GONNABATTULAJAHNAVISAILAXMI,gonnabattulajahnavisailaxmi,gonnabattulajahnavisailaxmi.24.csm@anits.edu.in
19,A24126552206,GURUGUBELLIMANOJBHARADWAJ,gurugubellimanojbharadwaj,gurugubellimanojbharadwaj.24.csm@anits.edu.in
20,A24126552207,HANUMANTHUDINESH,hanumanthudinesh,hanumanthudinesh.24.csm@anits.edu.in
21,A24126552208,KADALIPRASAMHITA,kadaliprasamhita,kadaliprasamhita.24.csm@anits.edu.in
22,A24126552209,KAJANIKITHA,kajanikitha,kajanikitha.24.csm@anits.edu.in
23,A24126552210,KALIGOTLAONKARVAMSI,kaligotlaonkarvamsi,kaligotlaonkarvamsi.24.csm@anits.edu.in
24,A24126552211,KALIVARAPUSRIRAM,kalivarapusriram,kalivarapusriram.24.csm@anits.edu.in
25,A24126552212,KALLURIJAHNAVI,kallurijahnavi,kallurijahnavi.24.csm@anits.edu.in
26,A24126552213,KARLAGUNTAVENKATAPRAHLADU,karlaguntavenkataprahladu,karlaguntavenkataprahladu.24.csm@anits.edu.in
27,A24126552214,KOMARAPUSRIPRIYA,komarapusripriya,komarapusripriya.24.csm@anits.edu.in
28,A24126552215,KOTALOKENDRA,kotalokendra,kotalokendra.24.csm@anits.edu.in
29,A24126552216,KOTCHERLASRUJANA,kotcherlasrujana,kotcherlasrujana.24.csm@anits.edu.in
30,A24126552217,KOTTAKOTLALOKESH,kottakotlalokesh,kottakotlalokesh.24.csm@anits.edu.in
31,A24126552218,MADAKAMTEJASWINI,madakamtejaswini,madakamtejaswini.24.csm@anits.edu.in
32,A24126552219,MAHADEVUPRATHEEP,mahadevupratheep,mahadevupratheep.24.csm@anits.edu.in
33,A24126552220,MUDUNURUPOOJAVAISHNAVI,mudunurupoojavaishnavi,mudunurupoojavaishnavi.24.csm@anits.edu.in
34,A24126552221,NADENDLARAJINI,nadendlarajini,nadendlarajini.24.csm@anits.edu.in
35,A24126552222,NETHETISAIDEVVARSHIK,nethetisaidevvarshik,nethetisaidevvarshik.24.csm@anits.edu.in
36,A24126552223,NIMMAKAYALASAITEJASANTHOSH,nimmakayalasaitejasanthosh,nimmakayalasaitejasanthosh.24.csm@anits.edu.in
37,A24126552224,NITHINPATHAK,nithinpathak,nithinpathak.24.csm@anits.edu.in
38,A24126552225,NOUNDRUVEERAVENKATASATYADEVAVIGNESH,noundruveeravenkatasatyadevavignesh,noundruveeravenkatasatyadevavignesh.24.csm@anits.edu.in
39,A24126552226,PANDRANKIJNANASRICHARAN,pandrankijnanasricharan,pandrankijnanasricharan.24.csm@anits.edu.in
40,A24126552227,PAPPUBHARATHGIRI,pappubharathgiri,pappubharathgiri.24.csm@anits.edu.in
41,A24126552228,PIDUGUPRASANTHI,piduguprasanthi,piduguprasanthi.24.csm@anits.edu.in
42,A24126552229,PITTAAVINASHKUMARREDDY,pittaavinashkumarreddy,pittaavinashkumarreddy.24.csm@anits.edu.in
43,A24126552230,RANGAVEDHSYA,rangavedhsya,rangavedhsya.24.csm@anits.edu.in
44,A24126552231,RUNKANARAMCHARAN,runkanaramcharan,runkanaramcharan.24.csm@anits.edu.in
45,A24126552232,SAGINATHARUNTEJA,saginatharunteja,saginatharunteja.24.csm@anits.edu.in
46,A24126552233,SAMBHULAISHAN,sambhulaishan,sambhulaishan.24.csm@anits.edu.in
47,A24126552234,SANAPALAANURAAGDATTA,sanapalaanuraagdatta,sanapalaanuraagdatta.24.csm@anits.edu.in
48,A24126552235,SHAIKBAHEED,shaikbaheed,shaikbaheed.24.csm@anits.edu.in
49,A24126552236,SHAIKDAIMELBASITH,shaikdaimelbasith,shaikdaimelbasith.24.csm@anits.edu.in
50,A24126552237,SHAIKSHAROOKAHAMED,shaiksharookahamed,shaiksharookahamed.24.csm@anits.edu.in
51,A24126552238,SIDAMHEMANTHKUMAR,sidamhemanthkumar,sidamhemanthkumar.24.csm@anits.edu.in
52,A24126552239,SUNKARAAMRUTHA,sunkaraamrutha,sunkaraamrutha.24.csm@anits.edu.in
53,A24126552240,SUNKARATANUJASAISUPRATHIKA,sunkaratanujasaisuprathika,sunkaratanujasaisuprathika.24.csm@anits.edu.in
54,A24126552241,SURAPUPRASANNAKUMAR,surapuprasannakumar,surapuprasannakumar.24.csm@anits.edu.in
55,A24126552242,TAMATAPUBHARGAV,tamatapubhargav,tamatapubhargav.24.csm@anits.edu.in
56,A24126552243,TEKUMALLAVENKATARAMSRIKAR,tekumallavenkataramsrikar,tekumallavenkataramsrikar.24.csm@anits.edu.in
57,A24126552244,THATTASNEHANJALI,thattasnehanjali,thattasnehanjali.24.csm@anits.edu.in
58,A24126552245,TOTAGOWTHAM,totagowtham,totagowtham.24.csm@anits.edu.in
59,A24126552246,UPPADASHAJINI,uppadashajini,uppadashajini.24.csm@anits.edu.in
60,A24126552247,VARADAPRAVALIKA,varadapravalika,varadapravalika.24.csm@anits.edu.in
61,A24126552248,VARANASIMANIKANTA,varanasimanikanta,varanasimanikanta.24.csm@anits.edu.in
62,A24126552249,VARUNBALE,varunbale,varunbale.24.csm@anits.edu.in
63,A24126552250,VATTIVENKATAVEDAVYAS,vattivenkatavedavyas,vattivenkatavedavyas.24.csm@anits.edu.in