ECE,,,,
S.NO.,PERMANENT ROLL NO.,NAME OF THE STUDENT,,Email ID
1,A24126512001,ABDULRAHMANSHAIK,abdulrahmanshaik,abdulrahmanshaik.24.ece@anits.edu.in
2,A24126512002,ALAVALASRISAIDURGANIVRITHA,alavalasrisaidurganivritha,alavalasrisaidurganivritha.24.ece@anits.edu.in
3,A24126512003,BALLANKIGEETHAMADHURI,ballankigeethamadhuri,ballankigeethamadhuri.24.ece@anits.edu.in
4,A24126512004,BANDARIHEMAHASHINI,bandarihemahashini,bandarihemahashini.24.ece@anits.edu.in
5,A24126512005,BARLAROHIT,barlarohit,barlarohit.24.ece@anits.edu.in
6,A24126512006,BEHARASAISURYASASHANK,beharasaisuryasashank,beharasaisuryasashank.24.ece@anits.edu.in
7,A24126512007,BODAPATIHIMASRIANJANISUREKHA,bodapatihimasrianjanisurekha,bodapatihimasrianjanisurekha.24.ece@anits.edu.in
8,A24126512008,BODDEPALLIDHANALAKSHMI,boddepallidhanalakshmi,boddepallidhanalakshmi.24.ece@anits.edu.in
9,A24126512009,BODDURUJAYAKRISHNA,boddurujayakrishna,boddurujayakrishna.24.ece@anits.edu.in
10,A24126512010,BORARESHMASRI,borareshmasri,borareshmasri.24.ece@anits.edu.in
11,A24126512011,BOTTAASHALATHA,bottaashalatha,bottaashalatha.24.ece@anits.edu.in
12,A24126512012,BOTTADILEEP,bottadileep,bottadileep.24.ece@anits.edu.in
13,A24126512013,CHINNARISAIVIKASH,chinnarisaivikash,chinnarisaivikash.24.ece@anits.edu.in
14,A24126512014,CHINNIJAGADEESH,chinnijagadeesh,chinnijagadeesh.24.ece@anits.edu.in
15,A24126512015,CHITIRALASUKUMAR,chitiralasukumar,chitiralasukumar.24.ece@anits.edu.in
16,A24126512016,DGLNDEEKSHITHULU,dglndeekshithulu,dglndeekshithulu.24.ece@anits.edu.in
17,A24126512017,DADALARAHUL,dadalarahul,dadalarahul.24.ece@anits.edu.in
18,A24126512018,DASARITEJASWARI,dasaritejaswari,dasaritejaswari.24.ece@anits.edu.in
19,A24126512019,DHAVALAKODANDASIVARAMPRASAD,dhavalakodandasivaramprasad,dhavalakodandasivaramprasad.24.ece@anits.edu.in
20,A24126512020,EERLASANDEEPKUMAR,eerlasandeepkumar,eerlasandeepkumar.24.ece@anits.edu.in
21,A24126512021,GANGULAKURTHIDEEKSHITHSAI,gangulakurthideekshithsai,gangulakurthideekshithsai.24.ece@anits.edu.in
22,A24126512022,GIDIJALAMONIKAKIRAN,gidijalamonikakiran,gidijalamonikakiran.24.ece@anits.edu.in
23,A24126512023,GULLIPALLISRINU,gullipallisrinu,gullipallisrinu.24.ece@anits.edu.in
24,A24126512024,GUNDASRUJANA,gundasrujana,gundasrujana.24.ece@anits.edu.in
25,A24126512025,GUNDUVEDANJANAVISWAKSEN,gunduvedanjanaviswaksen,gunduvedanjanaviswaksen.24.ece@anits.edu.in
26,A24126512026,JANAPALASRIKRISHNACHETAN,janapalasrikrishnachetan,janapalasrikrishnachetan.24.ece@anits.edu.in
27,A24126512027,KANCHARANARESHMA,kancharanareshma,kancharanareshma.24.ece@anits.edu.in
28,A24126512028,KANDIMALLANAIMISHA,kandimallanaimisha,kandimallanaimisha.24.ece@anits.edu.in
29,A24126512029,KANDIVALASAHARSHAVARDHAN,kandivalasaharshavardhan,kandivalasaharshavardhan.24.ece@anits.edu.in
30,A24126512030,KARAMRAMSAIDORA,karamramsaidora,karamramsaidora.24.ece@anits.edu.in
31,A24126512031,KATTASIVASAICHARAN,kattasivasaicharan,kattasivasaicharan.24.ece@anits.edu.in
32,A24126512032,KILARISUHAS,kilarisuhas,kilarisuhas.24.ece@anits.edu.in
33,A24126512033,KIRLATHARUNKUMAR,kirlatharunkumar,kirlatharunkumar.24.ece@anits.edu.in
34,A24126512034,KOLLIPARASAISANTHOSH,kolliparasaisanthosh,kolliparasaisanthosh.24.ece@anits.edu.in
35,A24126512035,KONADARAJESWARI,konadarajeswari,konadarajeswari.24.ece@anits.edu.in
36,A24126512036,KOYYABHANUPRAKASH,koyyabhanuprakash,koyyabhanuprakash.24.ece@anits.edu.in
37,A24126512037,LENKALIKHITH,lenkalikhith,lenkalikhith.24.ece@anits.edu.in
38,A24126512038,MADINAPAVANKUMAR,madinapavankumar,madinapavankumar.24.ece@anits.edu.in
39,A24126512039,MATCHANANIVARDHANNAIDU,matchananivardhannaidu,matchananivardhannaidu.24.ece@anits.edu.in
40,A24126512040,MOHAMMADFATHIMANAJMA,mohammadfathimanajma,mohammadfathimanajma.24.ece@anits.edu.in
41,A24126512041,MUDUNURIVENKATANAVADEEPVARMA,mudunurivenkatanavadeepvarma,mudunurivenkatanavadeepvarma.24.ece@anits.edu.in
42,A24126512042,NALUKURTHIBHAVANA,nalukurthibhavana,nalukurthibhavana.24.ece@anits.edu.in
43,A24126512043,NARAPAREDDYABHISHEKJASHUA,narapareddyabhishekjashua,narapareddyabhishekjashua.24.ece@anits.edu.in
44,A24126512044,NIMMAKASAIKISHOR,nimmakasaikishor,nimmakasaikishor.24.ece@anits.edu.in
45,A24126512045,PASALACHANDRASEKHAR,pasalachandrasekhar,pasalachandrasekhar.24.ece@anits.edu.in
46,A24126512046,PASISAISRIPRIYA,pasisaisripriya,pasisaisripriya.24.ece@anits.edu.in
47,A24126512047,PEEDIKAMOHITHBABU,peedikamohithbabu,peedikamohithbabu.24.ece@anits.edu.in
48,A24126512048,POKALAJAYANTH,pokalajayanth,pokalajayanth.24.ece@anits.edu.in
49,A24126512049,POKALALALITHA,pokalalalitha,pokalalalitha.24.ece@anits.edu.in
50,A24126512050,PRATHIPATISUJITHBLESSY,prathipatisujithblessy,prathipatisujithblessy.24.ece@anits.edu.in
51,A24126512051,PYLADEEPIKA,pyladeepika,pyladeepika.24.ece@anits.edu.in
52,A24126512052,REDDIMONIKA,reddimonika,reddimonika.24.ece@anits.edu.in
53,A24126512053,REGUSAIKIRAN,regusaikiran,regusaikiran.24.ece@anits.edu.in
54,A24126512054,RIKKALIKITHESWAR,rikkalikitheswar,rikkalikitheswar.24.ece@anits.edu.in
55,A24126512055,SAHIKAARIF,sahikaarif,sahikaarif.24.ece@anits.edu.in
56,A24126512056,SEEPANAVENKATASAISHANKARNARAYANA,seepanavenkatasaishankarnarayana,seepanavenkatasaishankarnarayana.24.ece@anits.edu.in
57,A24126512057,SINGAMPALLILIKHITHA,singampallilikhitha,singampallilikhitha.24.ece@anits.edu.in
58,A24126512058,THANDRAPRAVALIKA,thandrapravalika,thandrapravalika.24.ece@anits.edu.in
59,A24126512059,THOTANIHAL,thotanihal,thotanihal.24.ece@anits.edu.in
60,A24126512060,UPPADANANDHINIRENUKA,uppadanandhinirenuka,uppadanandhinirenuka.24.ece@anits.edu.in
61,A24126512061,VANGAPANDUDIVYA,vangapandudivya,vangapandudivya.24.ece@anits.edu.in
62,A24126512062,VELUVARTHIVRSSABHISHEK,veluvarthivrssabhishek,veluvarthivrssabhishek.24.ece@anits.edu.in
63,A24126512063,YAMANADEEPAK,yamanadeepak,yamanadeepak.24.ece@anits.edu.in
1,A24126512064,ADARISARANYA,adarisaranya,adarisaranya.24.ece@anits.edu.in
2,A24126512065,ALABOINAPRAVALIKA,alaboinapravalika,alaboinapravalika.24.ece@anits.edu.in
3,A24126512066,ALLUNAVYA,allunavya,allunavya.24.ece@anits.edu.in
4,A24126512067,AMBATIVENKATAKIRANKUMARREDDY,ambativenkatakirankumarreddy,ambativenkatakirankumarreddy.24.ece@anits.edu.in
5,A24126512068,ANEMBHANUPRAVALLIKA,anembhanupravallika,anembhanupravallika.24.ece@anits.edu.in
6,A24126512069,ARUGULAAJAY,arugulaajay,arugulaajay.24.ece@anits.edu.in
7,A24126512070,BANDIAKHILDURGAPRASAD,bandiakhildurgaprasad,bandiakhildurgaprasad.24.ece@anits.edu.in
8,A24126512071,BANGARUCHAITANYA,bangaruchaitanya,bangaruchaitanya.24.ece@anits.edu.in
9,A24126512072,BOMMALIKEJIYA,bommalikejiya,bommalikejiya.24.ece@anits.edu.in
10,A24126512073,CHERAKANISRILOKESH,cherakanisrilokesh,cherakanisrilokesh.24.ece@anits.edu.in
11,A24126512074,CHITTURIRAMADURGALOKESH,chitturiramadurgalokesh,chitturiramadurgalokesh.24.ece@anits.edu.in
12,A24126512075,DWARAPUREDDYSAINAVANEETH,dwarapureddysainavaneeth,dwarapureddysainavaneeth.24.ece@anits.edu.in
13,A24126512076,GEDELASNEHA,gedelasneha,gedelasneha.24.ece@anits.edu.in
14,A24126512077,GOLAGANAPAVANDHEERAJ,golaganapavandheeraj,golaganapavandheeraj.24.ece@anits.edu.in
15,A24126512078,GORLILEELA,gorlileela,gorlileela.24.ece@anits.edu.in
16,A24126512079,GURUVELLISAICHARAN,guruvellisaicharan,guruvellisaicharan.24.ece@anits.edu.in
17,A24126512080,KARRIJOGARAO,karrijogarao,karrijogarao.24.ece@anits.edu.in
18,A24126512081,KOLATIVAISHNAVISRILIKHITHA,kolativaishnavisrilikhitha,kolativaishnavisrilikhitha.24.ece@anits.edu.in
19,A24126512082,KOLLYHARIKAREDDY,kollyharikareddy,kollyharikareddy.24.ece@anits.edu.in
20,A24126512083,KONDETISHALINI,kondetishalini,kondetishalini.24.ece@anits.edu.in
21,A24126512084,KUBIREDDIGUNASEKHAR,kubireddigunasekhar,kubireddigunasekhar.24.ece@anits.edu.in
22,A24126512085,KUNAPAREDDILIKHITHA,kunapareddilikhitha,kunapareddilikhitha.24.ece@anits.edu.in
23,A24126512086,KUNDRAPUGOVARDHAN,kundrapugovardhan,kundrapugovardhan.24.ece@anits.edu.in
24,A24126512087,LAGUDURAVIKISHORE,laguduravikishore,laguduravikishore.24.ece@anits.edu.in
25,A24126512088,LATCHUPATULAMURALIMOHAN,latchupatulamuralimohan,latchupatulamuralimohan.24.ece@anits.edu.in
26,A24126512089,LAVETICHANDRAHASH,lavetichandrahash,lavetichandrahash.24.ece@anits.edu.in
27,A24126512090,MACHARLABSAISAMPATHGUPTA,macharlabsaisampathgupta,macharlabsaisampathgupta.24.ece@anits.edu.in
28,A24126512091,MAJJIMANASA,majjimanasa,majjimanasa.24.ece@anits.edu.in
29,A24126512092,MARELLAKULADEEP,marellakuladeep,marellakuladeep.24.ece@anits.edu.in
30,A24126512093,MODALAVALASANAVEEN,modalavalasanaveen,modalavalasanaveen.24.ece@anits.edu.in
31,A24126512094,MUKALAKARTHIK,mukalakarthik,mukalakarthik.24.ece@anits.edu.in
32,A24126512095,MUPPIDILEELARANI,muppidileelarani,muppidileelarani.24.ece@anits.edu.in
33,A24126512096,NAKKILASMRUDHISHARANI,nakkilasmrudhisharani,nakkilasmrudhisharani.24.ece@anits.edu.in
34,A24126512097,NEELIKUMARMAHESH,neelikumarmahesh,neelikumarmahesh.24.ece@anits.edu.in
35,A24126512098,NIRJOGIVARATEJA,nirjogivarateja,nirjogivarateja.24.ece@anits.edu.in
36,A24126512099,PAILASAIJAHANSI,pailasaijahansi,pailasaijahansi.24.ece@anits.edu.in
37,A24126512100,PALAKASANTHIPRIYA,palakasanthipriya,palakasanthipriya.24.ece@anits.edu.in
38,A24126512101,PENTAYASWANTHKUMAR,pentayaswanthkumar,pentayaswanthkumar.24.ece@anits.edu.in
39,A24126512102,POLLAJASWANTH,pollajaswanth,pollajaswanth.24.ece@anits.edu.in
40,A24126512103,POTNURUPAVANKUMAR,potnurupavankumar,potnurupavankumar.24.ece@anits.edu.in
41,A24126512104,PRAGADAHIMAKAR,pragadahimakar,pragadahimakar.24.ece@anits.edu.in
42,A24126512105,ROUTHUAKHILA,routhuakhila,routhuakhila.24.ece@anits.edu.in
43,A24126512106,RUTHALADINESH,ruthaladinesh,ruthaladinesh.24.ece@anits.edu.in
44,A24126512107,SADISHARMILAREDDY,sadisharmilareddy,sadisharmilareddy.24.ece@anits.edu.in
45,A24126512108,SANAPATHICHANUKYAVISHNUKOTARAONAIDU,sanapathichanukyavishnukotaraonaidu,sanapathichanukyavishnukotaraonaidu.24.ece@anits.edu.in
46,A24126512109,SHAIKAMARAVATHIABDULRAHAMAN,shaikamaravathiabdulrahaman,shaikamaravathiabdulrahaman.24.ece@anits.edu.in
47,A24126512110,SHAIKCHANDASHRAFVALIA,shaikchandashrafvalia,shaikchandashrafvalia.24.ece@anits.edu.in
48,A24126512111,SHAIKSAMEERGOUSE,shaiksameergouse,shaiksameergouse.24.ece@anits.edu.in
49,A24126512112,SRIKARSKAUSTUBHCHEVAKULA,srikarskaustubhchevakula,srikarskaustubhchevakula.24.ece@anits.edu.in
50,A24126512113,SRINADHUVASANTHA,srinadhuvasantha,srinadhuvasantha.24.ece@anits.edu.in
51,A24126512114,SUNKARISAHAJ,sunkarisahaj,sunkarisahaj.24.ece@anits.edu.in
52,A24126512115,SURAVARAPUDANTESWARICHARVI,suravarapudanteswaricharvi,suravarapudanteswaricharvi.24.ece@anits.edu.in
53,A24126512116,SUVVARITHANUJKUMAR,suvvarithanujkumar,suvvarithanujkumar.24.ece@anits.edu.in
54,A24126512117,TEKIRAHUL,tekirahul,tekirahul.24.ece@anits.edu.in
55,A24126512118,VANAPALLINANDINIPRIYA,vanapallinandinipriya,vanapallinandinipriya.24.ece@anits.edu.in
56,A24126512119,VARRIHEMALATHA,varrihemalatha,varrihemalatha.24.ece@anits.edu.in
57,A24126512120,VAYILATIMANASCHARAN,vayilatimanascharan,vayilatimanascharan.24.ece@anits.edu.in
58,A24126512121,VISWANADHUNISRAVYA,viswanadhunisravya,viswanadhunisravya.24.ece@anits.edu.in
59,A24126512122,YALAKALAGNANESWARARAO,yalakalagnaneswararao,yalakalagnaneswararao.24.ece@anits.edu.in
60,A24126512123,YERRAMADHURI,yerramadhuri,yerramadhuri.24.ece@anits.edu.in
61,A24126512124,YERUSUSASIDHAR,yerususasidhar,yerususasidhar.24.ece@anits.edu.in
1,A24126512125,ABHINAVTANGUDU,abhinavtangudu,abhinavtangudu.24.ece@anits.edu.in
2,A24126512126,ANKAMREDDIJYOTHIRMAYEESAI,ankamreddijyothirmayeesai,ankamreddijyothirmayeesai.24.ece@anits.edu.in
3,A24126512127,BANDARIJITENDRASAIKUMAR,bandarijitendrasaikumar,bandarijitendrasaikumar.24.ece@anits.edu.in
4,A24126512128,BATNAJAYACHANDRA,batnajayachandra,batnajayachandra.24.ece@anits.edu.in
5,A24126512129,BEELAKUSUMITHA,beelakusumitha,beelakusumitha.24.ece@anits.edu.in
6,A24126512130,BODEMPUDITULASI,bodempuditulasi,bodempuditulasi.24.ece@anits.edu.in
7,A24126512131,BOLLAREVANTH,bollarevanth,bollarevanth.24.ece@anits.edu.in
8,A24126512132,BULLOJUGOWRISHANKAR,bullojugowrishankar,bullojugowrishankar.24.ece@anits.edu.in
9,A24126512133,CHOKKAPUTANUJA,chokkaputanuja,chokkaputanuja.24.ece@anits.edu.in
10,A24126512134,DSAISURYALAKSHMIABHILASHA,dsaisuryalakshmiabhilasha,dsaisuryalakshmiabhilasha.24.ece@anits.edu.in
11,A24126512135,DARAPUAJAY,darapuajay,darapuajay.24.ece@anits.edu.in
12,A24126512136,DINDIABHINAY,dindiabhinay,dindiabhinay.24.ece@anits.edu.in
13,A24126512137,GAJULAVARTHIHASINI,gajulavarthihasini,gajulavarthihasini.24.ece@anits.edu.in
14,A24126512138,GANDIPRVEENA,gandiprveena,gandiprveena.24.ece@anits.edu.in
15,A24126512139,GANGUPARDHIV,gangupardhiv,gangupardhiv.24.ece@anits.edu.in
16,A24126512140,GANIVADASHIVASANTOSH,ganivadashivasantosh,ganivadashivasantosh.24.ece@anits.edu.in
17,A24126512141,GARBHAPURAMYA,garbhapuramya,garbhapuramya.24.ece@anits.edu.in
18,A24126512142,GORLISOMESWARARAO,gorlisomeswararao,gorlisomeswararao.24.ece@anits.edu.in
19,A24126512143,GUGGULAPURAMU,guggulapuramu,guggulapuramu.24.ece@anits.edu.in
20,A24126512144,GULIVINDALATANUSH,gulivindalatanush,gulivindalatanush.24.ece@anits.edu.in
21,A24126512145,JAKALAXMIPRASANNA,jakalaxmiprasanna,jakalaxmiprasanna.24.ece@anits.edu.in
22,A24126512146,JALLEDIPUSHPANJALI,jalledipushpanjali,jalledipushpanjali.24.ece@anits.edu.in
23,A24126512147,JANAPALANITEESHKUMAR,janapalaniteeshkumar,janapalaniteeshkumar.24.ece@anits.edu.in
24,A24126512148,KANDARPARAMAKRISHNAADITHYA,kandarparamakrishnaadithya,kandarparamakrishnaadithya.24.ece@anits.edu.in
25,A24126512149,KARANAMJYOTHIKA,karanamjyothika,karanamjyothika.24.ece@anits.edu.in
26,A24126512150,LADIJYOTHIPRASAD,ladijyothiprasad,ladijyothiprasad.24.ece@anits.edu.in
27,A24126512151,MANIDEEPMEESALA,manideepmeesala,manideepmeesala.24.ece@anits.edu.in
28,A24126512152,MANNEMADITYARAM,mannemadityaram,mannemadityaram.24.ece@anits.edu.in
29,A24126512153,MEDAPATISASIKANTHKOUSHIKREDDY,medapatisasikanthkoushikreddy,medapatisasikanthkoushikreddy.24.ece@anits.edu.in
30,A24126512154,MEESALATEJASWINI,meesalatejaswini,meesalatejaswini.24.ece@anits.edu.in
31,A24126512155,MIRTHIPATIVENKATASATYAAKSHITHMURATI,mirthipativenkatasatyaakshithmurati,mirthipativenkatasatyaakshithmurati.24.ece@anits.edu.in
32,A24126512156,MUDADLASHIVAPRASAD,mudadlashivaprasad,mudadlashivaprasad.24.ece@anits.edu.in
33,A24126512157,MUDDADAGANAPATHI,muddadaganapathi,muddadaganapathi.24.ece@anits.edu.in
34,A24126512158,MUDILIMOHAN,mudilimohan,mudilimohan.24.ece@anits.edu.in
35,A24126512159,MUNGADASUJANA,mungadasujana,mungadasujana.24.ece@anits.edu.in
36,A24126512160,MUPPIDIRUTWIKKUMAR,muppidirutwikkumar,muppidirutwikkumar.24.ece@anits.edu.in
37,A24126512161,PALLANTLASAI,pallantlasai,pallantlasai.24.ece@anits.edu.in
38,A24126512162,PALLIKODANDAKOUSHIK,pallikodandakoushik,pallikodandakoushik.24.ece@anits.edu.in
39,A24126512163,PILLAPARVATHIDEVI,pillaparvathidevi,pillaparvathidevi.24.ece@anits.edu.in
40,A24126512164,PODDINIHARICHANDANA,poddiniharichandana,poddiniharichandana.24.ece@anits.edu.in
41,A24126512165,POTTELULOHITH,pottelulohith,pottelulohith.24.ece@anits.edu.in
42,A24126512166,SAMPATHIRAOHEMANTHKUMAR,sampathiraohemanthkumar,sampathiraohemanthkumar.24.ece@anits.edu.in
43,A24126512167,SEEPANADINESH,seepanadinesh,seepanadinesh.24.ece@anits.edu.in
44,A24126512168,SEERAUHINDOOJ,seerauhindooj,seerauhindooj.24.ece@anits.edu.in
45,A24126512169,SONTENAPRASANTHI,sontenaprasanthi,sontenaprasanthi.24.ece@anits.edu.in
46,A24126512170,SUDHASOWJANYA,sudhasowjanya,sudhasowjanya.24.ece@anits.edu.in
47,A24126512171,TADNILAKSHMIPRASANNA,tadnilakshmiprasanna,tadnilakshmiprasanna.24.ece@anits.edu.in
48,A24126512172,TATIKONDARAMBALAJISOMASEKHAR,tatikondarambalajisomasekhar,tatikondarambalajisomasekhar.24.ece@anits.edu.in
49,A24126512173,TATIPUDIVENKATALAXMI,tatipudivenkatalaxmi,tatipudivenkatalaxmi.24.ece@anits.edu.in
50,A24126512174,THANGUDUHARIKA,thanguduharika,thanguduharika.24.ece@anits.edu.in
51,A24126512175,UPPADAPOOJITHAVAISHNAVI,uppadapoojithavaishnavi,uppadapoojithavaishnavi.24.ece@anits.edu.in
52,A24126512176,VAJJAVEERAVENKATAHASINI,vajjaveeravenkatahasini,vajjaveeravenkatahasini.24.ece@anits.edu.in
53,A24126512177,VAJRAPUINDUMATHI,vajrapuindumathi,vajrapuindumathi.24.ece@anits.edu.in
54,A24126512178,VEESAMKOOJITHA,veesamkoojitha,veesamkoojitha.24.ece@anits.edu.in
55,A24126512179,VENNIVARAHASURYAVENKATAJAHNAVI,vennivarahasuryavenkatajahnavi,vennivarahasuryavenkatajahnavi.24.ece@anits.edu.in
56,A24126512180,YALAGADAAVINASH,yalagadaavinash,yalagadaavinash.24.ece@anits.edu.in
57,A24126512181,YALAPATHIREDDYMOULIKARTHEEKREDDY,yalapathireddymoulikartheekreddy,yalapathireddymoulikartheekreddy.24.ece@anits.edu.in