EEE,,,,
S.NO.,PERMANENT ROLL NO.,NAME OF THE STUDENT,,Email ID
1,A24126514001,ADIREDDIBHASKARRAO,adireddibhaskarrao,adireddibhaskarrao.24.eee@anits.edu.in
2,A24126514002,AMARAMAHESH,amaramahesh,amaramahesh.24.eee@anits.edu.in
3,A24126514003,ARIPAKAPURUSHOTTAM,aripakapurushottam,aripakapurushottam.24.eee@anits.edu.in
4,A24126514004,AVUGADDAHARSHAKETHANKUMAR,avugaddaharshakethankumar,avugaddaharshakethankumar.24.eee@anits.edu.in
5,A24126514005,BAKKAMANASA,bakkamanasa,bakkamanasa.24.eee@anits.edu.in
6,A24126514006,BANDISRAVANI,bandisravani,bandisravani.24.eee@anits.edu.in
7,A24126514007,BHOGAPURAPURAVITEJA,bhogapurapuraviteja,bhogapurapuraviteja.24.eee@anits.edu.in
8,A24126514008,BHUPATHIKAVYA,bhupathikavya,bhupathikavya.24.eee@anits.edu.in
9,A24126514009,BOLLOJUHARINIVALLI,bollojuharinivalli,bollojuharinivalli.24.eee@anits.edu.in
10,A24126514010,BOLLUCHARAN,bollucharan,bollucharan.24.eee@anits.edu.in
11,A24126514011,BUDAGATLARAHUL,budagatlarahul,budagatlarahul.24.eee@anits.edu.in
12,A24126514012,BURADASARANYA,buradasaranya,buradasaranya.24.eee@anits.edu.in
13,A24126514013,CHENNAHARISATYAM,chennaharisatyam,chennaharisatyam.24.eee@anits.edu.in
14,A24126514014,CHITTAPULIARAVINDASAIPADAL,chittapuliaravindasaipadal,chittapuliaravindasaipadal.24.eee@anits.edu.in
15,A24126514015,DANDUPATIVAISHNAVI,dandupativaishnavi,dandupativaishnavi.24.eee@anits.edu.in
16,A24126514016,DASARINAGASIVARAMAKRISHNA,dasarinagasivaramakrishna,dasarinagasivaramakrishna.24.eee@anits.edu.in
17,A24126514017,DUNNALAKSHMICHARAN,dunnalakshmicharan,dunnalakshmicharan.24.eee@anits.edu.in
18,A24126514018,GANTAMANI,gantamani,gantamani.24.eee@anits.edu.in
19,A24126514019,GORUSUSRISAMPATHSRIKARREDDY,gorususrisampathsrikarreddy,gorususrisampathsrikarreddy.24.eee@anits.edu.in
20,A24126514020,GUNANANAVEENABHISHEK,gunananaveenabhishek,gunananaveenabhishek.24.eee@anits.edu.in
21,A24126514021,GUNTREDDISRAVANI,guntreddisravani,guntreddisravani.24.eee@anits.edu.in
22,A24126514022,GUNTURUMYTHILIVARMA,gunturumythilivarma,gunturumythilivarma.24.eee@anits.edu.in
23,A24126514023,JEERUNIKITHA,jeerunikitha,jeerunikitha.24.eee@anits.edu.in
24,A24126514024,JOGAKEERTHI,jogakeerthi,jogakeerthi.24.eee@anits.edu.in
25,A24126514025,KADAJYOTHERMAYEE,kadajyothermayee,kadajyothermayee.24.eee@anits.edu.in
26,A24126514026,KARUKISHORE,karukishore,karukishore.24.eee@anits.edu.in
27,A24126514027,KINTALANANI,kintalanani,kintalanani.24.eee@anits.edu.in
28,A24126514028,KOLATIVENKATABUJJI,kolativenkatabujji,kolativenkatabujji.24.eee@anits.edu.in
29,A24126514029,KOMBATTULAABHISHEKTH,kombattulaabhishekth,kombattulaabhishekth.24.eee@anits.edu.in
30,A24126514030,KONDAPALLIROHINI,kondapallirohini,kondapallirohini.24.eee@anits.edu.in
31,A24126514031,LAKKOJISAIGANESH,lakkojisaiganesh,lakkojisaiganesh.24.eee@anits.edu.in
32,A24126514032,LATCHUPATHULAMANIDEEPIKA,latchupathulamanideepika,latchupathulamanideepika.24.eee@anits.edu.in
33,A24126514033,MADAKASAIKRISHNA,madakasaikrishna,madakasaikrishna.24.eee@anits.edu.in
34,A24126514034,MAJJIDURGAPRASAD,majjidurgaprasad,majjidurgaprasad.24.eee@anits.edu.in
35,A24126514035,MARADAPRASANTH,maradaprasanth,maradaprasanth.24.eee@anits.edu.in
36,A24126514036,MEESALABHARATHKUMAR,meesalabharathkumar,meesalabharathkumar.24.eee@anits.edu.in
37,A24126514037,MEESALALOKESH,meesalalokesh,meesalalokesh.24.eee@anits.edu.in
38,A24126514038,MONDETISAIDEEPTHI,mondetisaideepthi,mondetisaideepthi.24.eee@anits.edu.in
39,A24126514039,NAGIREDDYKAVYASRI,nagireddykavyasri,nagireddykavyasri.24.eee@anits.edu.in
40,A24126514040,NARTUNANDINI,nartunandini,nartunandini.24.eee@anits.edu.in
41,A24126514041,NETTISAISRILAKSHMI,nettisaisrilakshmi,nettisaisrilakshmi.24.eee@anits.edu.in
42,A24126514042,PALIKALASIMHACHALAM,palikalasimhachalam,palikalasimhachalam.24.eee@anits.edu.in
43,A24126514043,PALISETTIYOGITHA,palisettiyogitha,palisettiyogitha.24.eee@anits.edu.in
44,A24126514044,PATHIVADAVENKATAKRISHNAVENI,pathivadavenkatakrishnaveni,pathivadavenkatakrishnaveni.24.eee@anits.edu.in
45,A24126514045,PEDDINTIDIVYADEEKSHITHA,peddintidivyadeekshitha,peddintidivyadeekshitha.24.eee@anits.edu.in
46,A24126514046,POLISETTIGOWRISIRICHANDANA,polisettigowrisirichandana,polisettigowrisirichandana.24.eee@anits.edu.in
47,A24126514047,RAJANAJASHWITHAINDUMATHI,rajanajashwithaindumathi,rajanajashwithaindumathi.24.eee@anits.edu.in
48,A24126514048,RAKOTIPRASANNAKUMAR,rakotiprasannakumar,rakotiprasannakumar.24.eee@anits.edu.in
49,A24126514049,RAVADASRUJANA,ravadasrujana,ravadasrujana.24.eee@anits.edu.in
50,A24126514050,RAVIJYOTHSNA,ravijyothsna,ravijyothsna.24.eee@anits.edu.in
51,A24126514051,REDDYMOULIKA,reddymoulika,reddymoulika.24.eee@anits.edu.in
52,A24126514052,REJETISHASHANK,rejetishashank,rejetishashank.24.eee@anits.edu.in
53,A24126514053,ROUTHUDEEPIKA,routhudeepika,routhudeepika.24.eee@anits.edu.in
54,A24126514054,SEERAPUSATYAPRASANNAKUMAR,seerapusatyaprasannakumar,seerapusatyaprasannakumar.24.eee@anits.edu.in
55,A24126514055,SETTIVIJAYVENKAT,settivijayvenkat,settivijayvenkat.24.eee@anits.edu.in
56,A24126514056,SHAIKTAJUDDIN,shaiktajuddin,shaiktajuddin.24.eee@anits.edu.in
57,A24126514057,SUNKARABHANUPRAKASH,sunkarabhanuprakash,sunkarabhanuprakash.24.eee@anits.edu.in
58,A24126514058,SURUPALLIYUVARAJU,surupalliyuvaraju,surupalliyuvaraju.24.eee@anits.edu.in
59,A24126514059,TAYYAJAYANTH,tayyajayanth,tayyajayanth.24.eee@anits.edu.in
60,A24126514060,TERLIANU,terlianu,terlianu.24.eee@anits.edu.in
61,A24126514061,UPPUCHETAN,uppuchetan,uppuchetan.24.eee@anits.edu.in
62,A24126514062,VADDADIHEMANTH,vaddadihemanth,vaddadihemanth.24.eee@anits.edu.in
63,A24126514063,VAKADASHYAMSURENDARREDDY,vakadashyamsurendarreddy,vakadashyamsurendarreddy.24.eee@anits.edu.in
64,A24126514064,VEMIREDDYHEMANTHKUMAR,vemireddyhemanthkumar,vemireddyhemanthkumar.24.eee@anits.edu.in
1,A24126514065,ADARIJASWANTH,adarijaswanth,adarijaswanth.24.eee@anits.edu.in
2,A24126514066,AMITIHARSHITHA,amitiharshitha,amitiharshitha.24.eee@anits.edu.in
3,A24126514067,ANSARAHMMAD,ansarahmmad,ansarahmmad.24.eee@anits.edu.in
4,A24126514068,ANYAPUKISHORE,anyapukishore,anyapukishore.24.eee@anits.edu.in
5,A24126514069,ASAPULAVANYA,asapulavanya,asapulavanya.24.eee@anits.edu.in
6,A24126514070,BAKIDHARMATEJA,bakidharmateja,bakidharmateja.24.eee@anits.edu.in
7,A24126514071,BANDLARAKESH,bandlarakesh,bandlarakesh.24.eee@anits.edu.in
8,A24126514072,BHARATHIRAYAVARAPU,bharathirayavarapu,bharathirayavarapu.24.eee@anits.edu.in
9,A24126514073,BHEEMARASETTYSURYASATYAVENKATARAMANARAO,bheemarasettysuryasatyavenkataramanarao,bheemarasettysuryasatyavenkataramanarao.24.eee@anits.edu.in
10,A24126514074,BOLELAKSHMIVARAPRASAD,bolelakshmivaraprasad,bolelakshmivaraprasad.24.eee@anits.edu.in
11,A24126514075,BORAPARAMESHREDDY,boraparameshreddy,boraparameshreddy.24.eee@anits.edu.in
12,A24126514076,BOROTHUVANAJA,borothuvanaja,borothuvanaja.24.eee@anits.edu.in
13,A24126514077,CHELLABOINACHARANSUBHASHCHANDRABOSE,chellaboinacharansubhashchandrabose,chellaboinacharansubhashchandrabose.24.eee@anits.edu.in
14,A24126514078,DARASUREKHA,darasurekha,darasurekha.24.eee@anits.edu.in
15,A24126514079,DEVADIVANDANA,devadivandana,devadivandana.24.eee@anits.edu.in
16,A24126514080,DEVARASEKHAR,devarasekhar,devarasekhar.24.eee@anits.edu.in
17,A24126514081,EMANDIRAJESH,emandirajesh,emandirajesh.24.eee@anits.edu.in
18,A24126514082,GANDARAPUSRUTHI,gandarapusruthi,gandarapusruthi.24.eee@anits.edu.in
19,A24126514083,GUDISALOKESH,gudisalokesh,gudisalokesh.24.eee@anits.edu.in
20,A24126514084,GUNDUJYOTSHNASAISUPRIYA,gundujyotshnasaisupriya,gundujyotshnasaisupriya.24.eee@anits.edu.in
21,A24126514085,GUNTURBHUVANESWARI,gunturbhuvaneswari,gunturbhuvaneswari.24.eee@anits.edu.in
22,A24126514086,KANAKALASUNITHADEVI,kanakalasunithadevi,kanakalasunithadevi.24.eee@anits.edu.in
23,A24126514087,KARROTHUYASASWINI,karrothuyasaswini,karrothuyasaswini.24.eee@anits.edu.in
24,A24126514088,KOSANAKIRANTEJREDDY,kosanakirantejreddy,kosanakirantejreddy.24.eee@anits.edu.in
25,A24126514089,KOVVURUVENKAT,kovvuruvenkat,kovvuruvenkat.24.eee@anits.edu.in
26,A24126514090,KUSADILLESWARARAO,kusadilleswararao,kusadilleswararao.24.eee@anits.edu.in
27,A24126514091,LABHANATEJESWARRAO,labhanatejeswarrao,labhanatejeswarrao.24.eee@anits.edu.in
28,A24126514092,MAROTHUDHANUNJAYARAO,marothudhanunjayarao,marothudhanunjayarao.24.eee@anits.edu.in
29,A24126514093,MEDAPATITARUNBABU,medapatitarunbabu,medapatitarunbabu.24.eee@anits.edu.in
30,A24126514094,MOHAMMADASIFALAM,mohammadasifalam,mohammadasifalam.24.eee@anits.edu.in
31,A24126514095,MOHAMMADNIZAMUDDIN,mohammadnizamuddin,mohammadnizamuddin.24.eee@anits.edu.in
32,A24126514096,MONDUTARUNSAIHARIKRISHNA,mondutarunsaiharikrishna,mondutarunsaiharikrishna.24.eee@anits.edu.in
33,A24126514097,MUGADAJYOTHSNA,mugadajyothsna,mugadajyothsna.24.eee@anits.edu.in
34,A24126514098,MUKUPALLISAGAR,mukupallisagar,mukupallisagar.24.eee@anits.edu.in
35,A24126514099,MUMMANAMANOHAR,mummanamanohar,mummanamanohar.24.eee@anits.edu.in
36,A24126514100,NAKKANIRANTHPREM,nakkaniranthprem,nakkaniranthprem.24.eee@anits.edu.in
37,A24126514101,NAMMIBHARGAV,nammibhargav,nammibhargav.24.eee@anits.edu.in
38,A24126514102,NAYEEMAKHTAR,nayeemakhtar,nayeemakhtar.24.eee@anits.edu.in
39,A24126514103,NIMMAKAYALASASHIKUMAR,nimmakayalasashikumar,nimmakayalasashikumar.24.eee@anits.edu.in
40,A24126514104,PALLEKIRAN,pallekiran,pallekiran.24.eee@anits.edu.in
41,A24126514105,PONDURUSAISARANYA,pondurusaisaranya,pondurusaisaranya.24.eee@anits.edu.in
42,A24126514106,PONNADAHARSHITHA,ponnadaharshitha,ponnadaharshitha.24.eee@anits.edu.in
43,A24126514107,PONTHAPALLISANJAY,ponthapallisanjay,ponthapallisanjay.24.eee@anits.edu.in
44,A24126514108,POTHALALAXMIPRASANNA,pothalalaxmiprasanna,pothalalaxmiprasanna.24.eee@anits.edu.in
45,A24126514109,PUVVALAKARISHMA,puvvalakarishma,puvvalakarishma.24.eee@anits.edu.in
46,A24126514110,RAVADAABHINAI,ravadaabhinai,ravadaabhinai.24.eee@anits.edu.in
47,A24126514111,RAVADAVISHTNAVI,ravadavishtnavi,ravadavishtnavi.24.eee@anits.edu.in
48,A24126514112,REDDIPALLIRAMASAI,reddipalliramasai,reddipalliramasai.24.eee@anits.edu.in
49,A24126514113,SESHAGANISREESANTH,seshaganisreesanth,seshaganisreesanth.24.eee@anits.edu.in
50,A24126514114,SIGATAPURACHITHAKYATHI,sigatapurachithakyathi,sigatapurachithakyathi.24.eee@anits.edu.in
51,A24126514115,SINGAMSETTIYASWANTH,singamsettiyaswanth,singamsettiyaswanth.24.eee@anits.edu.in
52,A24126514116,SOLUNGUUDAYKIRAN,solunguudaykiran,solunguudaykiran.24.eee@anits.edu.in
53,A24126514117,SUNKARISHARMILA,sunkarisharmila,sunkarisharmila.24.eee@anits.edu.in
54,A24126514118,TALABATTULASATYASAISRIMGOWTHAM,talabattulasatyasaisrimgowtham,talabattulasatyasaisrimgowtham.24.eee@anits.edu.in
55,A24126514119,TIPPANAGIRILIKHITA,tippanagirilikhita,tippanagirilikhita.24.eee@anits.edu.in
56,A24126514120,VARADHIPOLARAO,varadhipolarao,varadhipolarao.24.eee@anits.edu.in
57,A24126514121,VEEDHIVENKATASAI,veedhivenkatasai,veedhivenkatasai.24.eee@anits.edu.in
58,A24126514122,VENNIPRAMEELA,venniprameela,venniprameela.24.eee@anits.edu.in
59,A24126514123,VULLURIMAHESH,vullurimahesh,vullurimahesh.24.eee@anits.edu.in
60,A24126514124,VUNDAVALLILAKSHMIRAMASITACHOWDARY,vundavallilakshmiramasitachowdary,vundavallilakshmiramasitachowdary.24.eee@anits.edu.in
61,A24126514125,YALAMANCHIVANDANA,yalamanchivandana,yalamanchivandana.24.eee@anits.edu.in
62,A24126514126,YALLAMALLINIKHILANJAN,yallamallinikhilanjan,yallamallinikhilanjan.24.eee@anits.edu.in
63,A24126514127,YANDARAJESWARI,yandarajeswari,yandarajeswari.24.eee@anits.edu.in
64,A24126514128,YEDUVAKABHARATHI,yeduvakabharathi,yeduvakabharathi.24.eee@anits.edu.in