MECH,,,,
S.NO.,PERMANENT ROLL NO.,NAME OF THE STUDENT,,Email ID
1,A24126520001,ABDULAHADKHAN,abdulahadkhan,abdulahadkhan.24.me@anits.edu.in
2,A24126520002,AKULAESWARCHANDRA,akulaeswarchandra,akulaeswarchandra.24.me@anits.edu.in
3,A24126520003,ALLUHARIPRASAD,alluhariprasad,alluhariprasad.24.me@anits.edu.in
4,A24126520004,AVALAEESHA,avalaeesha,avalaeesha.24.me@anits.edu.in
5,A24126520005,BALLAHARITHA,ballaharitha,ballaharitha.24.me@anits.edu.in
6,A24126520006,BANDALUPPIKAMALAKAR,bandaluppikamalakar,bandaluppikamalakar.24.me@anits.edu.in
7,A24126520007,BAREPUJOHN,barepujohn,barepujohn.24.me@anits.edu.in
8,A24126520008,BAYYAANIL,bayyaanil,bayyaanil.24.me@anits.edu.in
9,A24126520009,BEVARARAJKUMAR,bevararajkumar,bevararajkumar.24.me@anits.edu.in
10,A24126520010,BODDAPATIKARTHIK,boddapatikarthik,boddapatikarthik.24.me@anits.edu.in
11,A24126520011,BURADAJASMITHASAIPRIYA,buradajasmithasaipriya,buradajasmithasaipriya.24.me@anits.edu.in
12,A24126520012,CHAPPAUMAMAHESWARI,chappaumamaheswari,chappaumamaheswari.24.me@anits.edu.in
13,A24126520013,CHITTIBOYINAVENKATASIDDARDHA,chittiboyinavenkatasiddardha,chittiboyinavenkatasiddardha.24.me@anits.edu.in
14,A24126520014,CHOKKAKULAHARSHAVARDHAN,chokkakulaharshavardhan,chokkakulaharshavardhan.24.me@anits.edu.in
15,A24126520015,DUNNADHERAJVARMA,dunnadherajvarma,dunnadherajvarma.24.me@anits.edu.in
16,A24126520016,DURGASISRINU,durgasisrinu,durgasisrinu.24.me@anits.edu.in
17,A24126520017,ETISREHARSHAVALLABH,etisreharshavallabh,etisreharshavallabh.24.me@anits.edu.in
18,A24126520018,ETRAJUBHASKARARAO,etrajubhaskararao,etrajubhaskararao.24.me@anits.edu.in
19,A24126520019,GOLAGANASAIVAMSI,golaganasaivamsi,golaganasaivamsi.24.me@anits.edu.in
20,A24126520020,GUBBALANAGASRIRAMAKRISHNA,gubbalanagasriramakrishna,gubbalanagasriramakrishna.24.me@anits.edu.in
21,A24126520021,GULLIPALLIMOSAY,gullipallimosay,gullipallimosay.24.me@anits.edu.in
22,A24126520022,HANUMANTURAJAMANOHAR,hanumanturajamanohar,hanumanturajamanohar.24.me@anits.edu.in
23,A24126520023,JAKAPRABHAS,jakaprabhas,jakaprabhas.24.me@anits.edu.in
24,A24126520024,JOGALATHIK,jogalathik,jogalathik.24.me@anits.edu.in
25,A24126520025,JOGULACHARANKUMAR,jogulacharankumar,jogulacharankumar.24.me@anits.edu.in
26,A24126520026,JUTTUHEMACHALAM,juttuhemachalam,juttuhemachalam.24.me@anits.edu.in
27,A24126520027,KAMIDIARJUN,kamidiarjun,kamidiarjun.24.me@anits.edu.in
28,A24126520028,KARRIBALAMURALIKRISHNA,karribalamuralikrishna,karribalamuralikrishna.24.me@anits.edu.in
29,A24126520029,KAVATIVIVEK,kavativivek,kavativivek.24.me@anits.edu.in
30,A24126520030,KILIMIPRASANNAREDDY,kilimiprasannareddy,kilimiprasannareddy.24.me@anits.edu.in
31,A24126520031,KONADASRINIVASKALYAN,konadasrinivaskalyan,konadasrinivaskalyan.24.me@anits.edu.in
32,A24126520032,KOPPISETTISAIHARSHITH,koppisettisaiharshith,koppisettisaiharshith.24.me@anits.edu.in
33,A24126520033,KOPURINAGASAIESWARREDDY,kopurinagasaieswarreddy,kopurinagasaieswarreddy.24.me@anits.edu.in
34,A24126520034,LANDAVAMSI,landavamsi,landavamsi.24.me@anits.edu.in
35,A24126520035,MAJJIMOHANSAI,majjimohansai,majjimohansai.24.me@anits.edu.in
36,A24126520036,MARUVADARAJESH,maruvadarajesh,maruvadarajesh.24.me@anits.edu.in
37,A24126520037,MATHAPRAVEENKUMAR,mathapraveenkumar,mathapraveenkumar.24.me@anits.edu.in
38,A24126520038,MELLAKABHANU,mellakabhanu,mellakabhanu.24.me@anits.edu.in
39,A24126520039,MOLLETIPRASANTHPRANEETHKUMAR,molletiprasanthpraneethkumar,molletiprasanthpraneethkumar.24.me@anits.edu.in
40,A24126520040,NAMBARUABHINAYA,nambaruabhinaya,nambaruabhinaya.24.me@anits.edu.in
41,A24126520041,NANDAMOORIBHARATH,nandamooribharath,nandamooribharath.24.me@anits.edu.in
42,A24126520042,NIMMALALAKSHMINATH,nimmalalakshminath,nimmalalakshminath.24.me@anits.edu.in
43,A24126520043,PALLIRAJESH,pallirajesh,pallirajesh.24.me@anits.edu.in
44,A24126520044,PAPPALAHARISH,pappalaharish,pappalaharish.24.me@anits.edu.in
45,A24126520045,PASIMANISANKARVINAY,pasimanisankarvinay,pasimanisankarvinay.24.me@anits.edu.in
46,A24126520046,PENAMATAPALLAVI,penamatapallavi,penamatapallavi.24.me@anits.edu.in
47,A24126520047,PISINIAMRUTHA,pisiniamrutha,pisiniamrutha.24.me@anits.edu.in
48,A24126520048,POLISETTYNARESH,polisettynaresh,polisettynaresh.24.me@anits.edu.in
49,A24126520049,RAVADAJAYANTH,ravadajayanth,ravadajayanth.24.me@anits.edu.in
50,A24126520050,SANAPALAKARTHIKEYA,sanapalakarthikeya,sanapalakarthikeya.24.me@anits.edu.in
51,A24126520051,SARIPILLISAIASHRITHA,saripillisaiashritha,saripillisaiashritha.24.me@anits.edu.in
52,A24126520052,SASUBILLIRAGHUVARDHAN,sasubilliraghuvardhan,sasubilliraghuvardhan.24.me@anits.edu.in
53,A24126520053,SAVARATRINADHARAO,savaratrinadharao,savaratrinadharao.24.me@anits.edu.in
54,A24126520054,SEPENARAGHAVA,sepenaraghava,sepenaraghava.24.me@anits.edu.in
55,A24126520055,SHAIKSAAHILAKTHAR,shaiksaahilakthar,shaiksaahilakthar.24.me@anits.edu.in
56,A24126520056,TARRAPRAVEEN,tarrapraveen,tarrapraveen.24.me@anits.edu.in
57,A24126520057,VASANTHALAANUSHA,vasanthalaanusha,vasanthalaanusha.24.me@anits.edu.in
58,A24126520058,YAGALLAHARSHAVARDHAN,yagallaharshavardhan,yagallaharshavardhan.24.me@anits.edu.in
59,A24126520059,YALLAJAYANTHI,yallajayanthi,yallajayanthi.24.me@anits.edu.in
1,A24126520060,ALIBILLITEJA,alibilliteja,alibilliteja.24.me@anits.edu.in
2,A24126520061,ANANDVARDHANARIGELA,anandvardhanarigela,anandvardhanarigela.24.me@anits.edu.in
3,A24126520062,BABBADIHARSHITHA,babbadiharshitha,babbadiharshitha.24.me@anits.edu.in
4,A24126520063,BAVISETTIRAMYA,bavisettiramya,bavisettiramya.24.me@anits.edu.in
5,A24126520064,BODDANALOKESH,boddanalokesh,boddanalokesh.24.me@anits.edu.in
6,A24126520065,BOORACHANDINI,boorachandini,boorachandini.24.me@anits.edu.in
7,A24126520066,BORAANILKUMAR,boraanilkumar,boraanilkumar.24.me@anits.edu.in
8,A24126520067,CHINTAKAYALASIMHADRI,chintakayalasimhadri,chintakayalasimhadri.24.me@anits.edu.in
9,A24126520068,CHINTHALACHANDARAMOULI,chinthalachandaramouli,chinthalachandaramouli.24.me@anits.edu.in
10,A24126520069,DHARMASALASAIDEEPESH,dharmasalasaideepesh,dharmasalasaideepesh.24.me@anits.edu.in
11,A24126520070,DONKANAMOHAN,donkanamohan,donkanamohan.24.me@anits.edu.in
12,A24126520071,DONTHALALAKSHMINARAYANA,donthalalakshminarayana,donthalalakshminarayana.24.me@anits.edu.in
13,A24126520072,EEGALANAVADEEP,eegalanavadeep,eegalanavadeep.24.me@anits.edu.in
14,A24126520073,EROTUDIVAKAR,erotudivakar,erotudivakar.24.me@anits.edu.in
15,A24126520074,GADHAMSIVAJI,gadhamsivaji,gadhamsivaji.24.me@anits.edu.in
16,A24126520075,GANDURUTHWIKKUMAR,ganduruthwikkumar,ganduruthwikkumar.24.me@anits.edu.in
17,A24126520076,INTIKOWSHIKKUMAR,intikowshikkumar,intikowshikkumar.24.me@anits.edu.in
18,A24126520077,ISUKAPALLISAISURYAPRANEETHVARMA,isukapallisaisuryapraneethvarma,isukapallisaisuryapraneethvarma.24.me@anits.edu.in
19,A24126520078,JAMISATYALOHITHSAI,jamisatyalohithsai,jamisatyalohithsai.24.me@anits.edu.in
20,A24126520079,JANGAMUSHASREEUDVINI,jangamushasreeudvini,jangamushasreeudvini.24.me@anits.edu.in
21,A24126520080,JARAJANASURYACHALAM,jarajanasuryachalam,jarajanasuryachalam.24.me@anits.edu.in
22,A24126520081,KAITHADURGAPRASAD,kaithadurgaprasad,kaithadurgaprasad.24.me@anits.edu.in
23,A24126520082,KOCHERLAJYOTHIKASHIVANI,kocherlajyothikashivani,kocherlajyothikashivani.24.me@anits.edu.in
24,A24126520083,KOLAYASWANTHKUMAR,kolayaswanthkumar,kolayaswanthkumar.24.me@anits.edu.in
25,A24126520084,KORADAMANOJKUMAR,koradamanojkumar,koradamanojkumar.24.me@anits.edu.in
26,A24126520085,LAGISETTIMOURYASAI,lagisettimouryasai,lagisettimouryasai.24.me@anits.edu.in
27,A24126520086,LINGUBEVARANAGABHUSHANARAO,lingubevaranagabhushanarao,lingubevaranagabhushanarao.24.me@anits.edu.in
28,A24126520087,LOKAVARAPUMITHIN,lokavarapumithin,lokavarapumithin.24.me@anits.edu.in
29,A24126520088,MEESALAGANESH,meesalaganesh,meesalaganesh.24.me@anits.edu.in
30,A24126520089,MEESALATHAVITINAIDU,meesalathavitinaidu,meesalathavitinaidu.24.me@anits.edu.in
31,A24126520090,MOHAMMADKHADHARBASHASHAIK,mohammadkhadharbashashaik,mohammadkhadharbashashaik.24.me@anits.edu.in
32,A24126520091,MOHAMMEDREHMANKHAN,mohammedrehmankhan,mohammedrehmankhan.24.me@anits.edu.in
33,A24126520092,MUDILACHILAKARAO,mudilachilakarao,mudilachilakarao.24.me@anits.edu.in
34,A24126520093,MUDILANANI,mudilanani,mudilanani.24.me@anits.edu.in
35,A24126520094,NEELAPUPRAMODHKUMARREDDY,neelapupramodhkumarreddy,neelapupramodhkumarreddy.24.me@anits.edu.in
36,A24126520095,PAILACHANDRASEKHARARAO,pailachandrasekhararao,pailachandrasekhararao.24.me@anits.edu.in
37,A24126520096,PALLINIHARIKA,palliniharika,palliniharika.24.me@anits.edu.in
38,A24126520097,PATNALAGIREESHSAISAMPATHREDDY,patnalagireeshsaisampathreddy,patnalagireeshsaisampathreddy.24.me@anits.edu.in
39,A24126520098,PEDUMAJJIMANIKANTA,pedumajjimanikanta,pedumajjimanikanta.24.me@anits.edu.in
40,A24126520099,PEETHALAPRAVEENCHANDU,peethalapraveenchandu,peethalapraveenchandu.24.me@anits.edu.in
41,A24126520100,PENDYALAVENKATARAJGOPAL,pendyalavenkatarajgopal,pendyalavenkatarajgopal.24.me@anits.edu.in
42,A24126520101,PENTAPALLIHARSHAVARDHAN,pentapalliharshavardhan,pentapalliharshavardhan.24.me@anits.edu.in
43,A24126520102,PITTAVENKATESH,pittavenkatesh,pittavenkatesh.24.me@anits.edu.in
44,A24126520103,POLASATISH,polasatish,polasatish.24.me@anits.edu.in
45,A24126520104,POLAVARAPUHARIKRISHNA,polavarapuharikrishna,polavarapuharikrishna.24.me@anits.edu.in
46,A24126520105,POTNURUPRIYACHANDHANA,potnurupriyachandhana,potnurupriyachandhana.24.me@anits.edu.in
47,A24126520106,PUSARLANIHARIKA,pusarlaniharika,pusarlaniharika.24.me@anits.edu.in
48,A24126520107,RONGALIYUGANDHARNAIDU,rongaliyugandharnaidu,rongaliyugandharnaidu.24.me@anits.edu.in
49,A24126520108,SADAPATHIRAJESH,sadapathirajesh,sadapathirajesh.24.me@anits.edu.in
50,A24126520109,SEELAMBHARATHNAGARAJU,seelambharathnagaraju,seelambharathnagaraju.24.me@anits.edu.in
51,A24126520110,SEERAMESWARACHAITANYA,seerameswarachaitanya,seerameswarachaitanya.24.me@anits.edu.in
52,A24126520111,SHAIKSIRAJ,shaiksiraj,shaiksiraj.24.me@anits.edu.in
53,A24126520112,SURAKASILOKESH,surakasilokesh,surakasilokesh.24.me@anits.edu.in
54,A24126520113,URLAMTEJOCHINMAI,urlamtejochinmai,urlamtejochinmai.24.me@anits.edu.in
55,A24126520114,VANGALAPUDIVASUDEVAVAMSIKRISHNA,vangalapudivasudevavamsikrishna,vangalapudivasudevavamsikrishna.24.me@anits.edu.in
56,A24126520115,VUDIKALAYASWANTHBABU,vudikalayaswanthbabu,vudikalayaswanthbabu.24.me@anits.edu.in
57,A24126520116,YEGIREDDIJAYARAM,yegireddijayaram,yegireddijayaram.24.me@anits.edu.in
58,A24126520117,YERRABOLUSIVA,yerrabolusiva,yerrabolusiva.24.me@anits.edu.in
1,A24126520118,ADDALASAGARKAILASH,addalasagarkailash,addalasagarkailash.24.me@anits.edu.in
2,A24126520119,AGATHAMBIDISALMANRAJ,agathambidisalmanraj,agathambidisalmanraj.24.me@anits.edu.in
3,A24126520120,ALANJOSEPHANIL,alanjosephanil,alanjosephanil.24.me@anits.edu.in
4,A24126520121,AMARAPUMURALIKRISHNA,amarapumuralikrishna,amarapumuralikrishna.24.me@anits.edu.in
5,A24126520122,ARJEENIKHIL,arjeenikhil,arjeenikhil.24.me@anits.edu.in
6,A24126520123,BADIMONIKADEVI,badimonikadevi,badimonikadevi.24.me@anits.edu.in
7,A24126520124,BALAKANAGARAJU,balakanagaraju,balakanagaraju.24.me@anits.edu.in
8,A24126520125,BALASAJAYANTH,balasajayanth,balasajayanth.24.me@anits.edu.in
9,A24126520126,BATCHALARAJEEV,batchalarajeev,batchalarajeev.24.me@anits.edu.in
10,A24126520127,BUNGASATYASAIKUMAR,bungasatyasaikumar,bungasatyasaikumar.24.me@anits.edu.in
11,A24126520128,CHINTADASAIPRAKASH,chintadasaiprakash,chintadasaiprakash.24.me@anits.edu.in
12,A24126520129,CHINTHAVSAIMANISIVARAMAKRISHNABHASKAR,chinthavsaimanisivaramakrishnabhaskar,chinthavsaimanisivaramakrishnabhaskar.24.me@anits.edu.in
13,A24126520130,CHODIPILLIGOPI,chodipilligopi,chodipilligopi.24.me@anits.edu.in
14,A24126520131,DALLIPRANADEEPKUMARREDDY,dallipranadeepkumarreddy,dallipranadeepkumarreddy.24.me@anits.edu.in
15,A24126520132,DUGGIRALASAISRICHANDAN,duggiralasaisrichandan,duggiralasaisrichandan.24.me@anits.edu.in
16,A24126520133,GADDINAGAVARDHAN,gaddinagavardhan,gaddinagavardhan.24.me@anits.edu.in
17,A24126520134,GEDELAGOWTHAMI,gedelagowthami,gedelagowthami.24.me@anits.edu.in
18,A24126520135,GEDELAKUSHMITA,gedelakushmita,gedelakushmita.24.me@anits.edu.in
19,A24126520136,GEDELASREEHARSHAMOHITH,gedelasreeharshamohith,gedelasreeharshamohith.24.me@anits.edu.in
20,A24126520137,GORLEAJAYKUMAR,gorleajaykumar,gorleajaykumar.24.me@anits.edu.in
21,A24126520138,GORLEYOGESH,gorleyogesh,gorleyogesh.24.me@anits.edu.in
22,A24126520139,GOWRISHANKARMAHAPATRO,gowrishankarmahapatro,gowrishankarmahapatro.24.me@anits.edu.in
23,A24126520140,GURUGUBELLISASIDHAR,gurugubellisasidhar,gurugubellisasidhar.24.me@anits.edu.in
24,A24126520141,HEMASUNDERBATHAKALA,hemasunderbathakala,hemasunderbathakala.24.me@anits.edu.in
25,A24126520142,KARADATULASIRAM,karadatulasiram,karadatulasiram.24.me@anits.edu.in
26,A24126520143,KARRIGOWTHAMI,karrigowthami,karrigowthami.24.me@anits.edu.in
27,A24126520144,KARRIPAVANI,karripavani,karripavani.24.me@anits.edu.in
28,A24126520145,KARRISUBHASH,karrisubhash,karrisubhash.24.me@anits.edu.in
29,A24126520146,KATTATEJASAIRAM,kattatejasairam,kattatejasairam.24.me@anits.edu.in
30,A24126520147,KONADEVIPRASAD,konadeviprasad,konadeviprasad.24.me@anits.edu.in
31,A24126520148,KORADAROHAN,koradarohan,koradarohan.24.me@anits.edu.in
32,A24126520149,KORRAHEMASANKAR,korrahemasankar,korrahemasankar.24.me@anits.edu.in
33,A24126520150,KUMILICHARANRAJ,kumilicharanraj,kumilicharanraj.24.me@anits.edu.in
34,A24126520151,MEESALALOHIT,meesalalohit,meesalalohit.24.me@anits.edu.in
35,A24126520152,MOPADABHARGAVI,mopadabhargavi,mopadabhargavi.24.me@anits.edu.in
36,A24126520153,MULAGADPRANEETH,mulagadpraneeth,mulagadpraneeth.24.me@anits.edu.in
37,A24126520154,MUPPANIKESAVASRIRAM,muppanikesavasriram,muppanikesavasriram.24.me@anits.edu.in
38,A24126520155,MUTCHILAXMANARAO,mutchilaxmanarao,mutchilaxmanarao.24.me@anits.edu.in
39,A24126520156,MUVVALAHANEESH,muvvalahaneesh,muvvalahaneesh.24.me@anits.edu.in
40,A24126520157,NEYIGAPULASAHITHIKALYANI,neyigapulasahithikalyani,neyigapulasahithikalyani.24.me@anits.edu.in
41,A24126520158,PALLAVENKATAJAYANTHCHANDAN,pallavenkatajayanthchandan,pallavenkatajayanthchandan.24.me@anits.edu.in
42,A24126520159,PEDDADAUMAMAHESWARARAO,peddadaumamaheswararao,peddadaumamaheswararao.24.me@anits.edu.in
43,A24126520160,PERUMALISAIMANIKANTA,perumalisaimanikanta,perumalisaimanikanta.24.me@anits.edu.in
44,A24126520161,PUCHALANIKHIL,puchalanikhil,puchalanikhil.24.me@anits.edu.in
45,A24126520162,PUTTAYOGESH,puttayogesh,puttayogesh.24.me@anits.edu.in
46,A24126520163,ROWTHURENUKUMAR,rowthurenukumar,rowthurenukumar.24.me@anits.edu.in
47,A24126520164,SABBAVARAPUKESAVA,sabbavarapukesava,sabbavarapukesava.24.me@anits.edu.in
48,A24126520165,SALAPUMOHAN,salapumohan,salapumohan.24.me@anits.edu.in
49,A24126520166,SANAVIGNESH,sanavignesh,sanavignesh.24.me@anits.edu.in
50,A24126520167,SANAPALAROHIT,sanapalarohit,sanapalarohit.24.me@anits.edu.in
51,A24126520168,SHEKBASEER,shekbaseer,shekbaseer.24.me@anits.edu.in
52,A24126520169,SKHUSSAINSHAREEB,skhussainshareeb,skhussainshareeb.24.me@anits.edu.in
53,A24126520170,TABELUVONODKUMAR,tabeluvonodkumar,tabeluvonodkumar.24.me@anits.edu.in
54,A24126520171,THAPPETAEMMANUEL,thappetaemmanuel,thappetaemmanuel.24.me@anits.edu.in
55,A24126520172,VANJARAPUVARUNVENKATASAI,vanjarapuvarunvenkatasai,vanjarapuvarunvenkatasai.24.me@anits.edu.in
56,A24126520173,VIJJUPUBHASKAR,vijjupubhaskar,vijjupubhaskar.24.me@anits.edu.in
57,A24126520174,YANDHAVAAKSHAYKUMAR,yandhavaakshaykumar,yandhavaakshaykumar.24.me@anits.edu.in
58,A24126520175,YASASWINIPADA,yasaswinipada,yasaswinipada.24.me@anits.edu.in
59,A24126520176,YERRASIDDARDHA,yerrasiddardha,yerrasiddardha.24.me@anits.edu.in
60,A24126520177,YERUSUBHARGAVI,yerusubhargavi,yerusubhargavi.24.me@anits.edu.in